<?xml version="1.0"?>
<suiteResults>
  <FitNesseVersion>v20150226</FitNesseVersion>
  <rootPath>FrontPage.SampleTests</rootPath>
  <pageHistoryReference>
    <name>FrontPage.SampleTests.SampleTest01</name>
    <date>04/02/2015 20:17:06</date>
    <pageHistoryLink>FrontPage.SampleTests.SampleTest01?pageHistory&amp;resultDate=20150402201706</pageHistoryLink>
    <counts>
      <right>1</right>
      <wrong>0</wrong>
      <ignores>0</ignores>
      <exceptions>0</exceptions>
    </counts>
    <runTimeInMillis>44</runTimeInMillis>
  </pageHistoryReference>
  <executionLog>
    <testSystem>fit:C:\Users\Yasunori\JavaProjects\FitNesse\dotNet\Runner.exe</testSystem>
    <command>C:\Users\Yasunori\JavaProjects\FitNesse\dotNet\Runner.exe -c C:\Users\Yasunori\Documents\Visual Studio 2013\Projects\PPTesting\storytest.config.xml defaultPath asus2 53285 3863</command>
    <exitCode>0</exitCode>
    <stdOut></stdOut>    <stdErr></stdErr>  </executionLog>
  <finalCounts>
    <right>1</right>
    <wrong>0</wrong>
    <ignores>0</ignores>
    <exceptions>0</exceptions>
  </finalCounts>
  <totalRunTimeInMillis>1808</totalRunTimeInMillis>
</suiteResults>

