<?xml version="1.0"?>
<testResults>
  <FitNesseVersion>v20150226</FitNesseVersion>
  <rootPath>FrontPage.UserManagement.LogIn</rootPath>
    <executionLog>
    <testSystem>fit:dotNet\Runner.exe</testSystem>
    <command>dotNet\Runner.exe -c test.config.xml "C:\Users\Yasunori\Documents\Visual Studio 2013\Projects\PPTesting\Fitnesse\dotNet\dbfit.dll;C:\Users\Yasunori\Documents\Visual Studio 2013\Projects\PPTesting\Fitnesse\dotNet\dbfit.PostgreSql.dll;C:\Users\Yasunori\Documents\Visual Studio 2013\Projects\PPTesting\Fitnesse\dotNet\EntityFramework.dll;C:\Users\Yasunori\Documents\Visual Studio 2013\Projects\PPTesting\Fitnesse\dotNet\fit.dll;C:\Users\Yasunori\Documents\Visual Studio 2013\Projects\PPTesting\Fitnesse\dotNet\fitSharp.dll;C:\Users\Yasunori\Documents\Visual Studio 2013\Projects\PPTesting\Fitnesse\dotNet\Mono.Security.dll;C:\Users\Yasunori\Documents\Visual Studio 2013\Projects\PPTesting\Fitnesse\dotNet\Npgsql.dll;C:\Users\Yasunori\Documents\Visual Studio 2013\Projects\PPTesting\Fitnesse\dotNet\Npgsql.EntityFramework.dll;C:\Users\Yasunori\Documents\Visual Studio 2013\Projects\PPTesting\Fitnesse\dotNet\Selenium.WebDriverBackedSelenium.dll;C:\Users\Yasunori\Documents\Visual Studio 2013\Projects\PPTesting\Fitnesse\dotNet\ThoughtWorks.Selenium.Core.dll;C:\Users\Yasunori\Documents\Visual Studio 2013\Projects\PPTesting\Fitnesse\dotNet\WebDriver.dll;C:\Users\Yasunori\Documents\Visual Studio 2013\Projects\PPTesting\Fitnesse\dotNet\WebDriver.Support.dll;..\PPTesting\bin\Debug\PPTesting.dll" asus2 59896 3863</command>
    <exitCode>1</exitCode>
    <stdOut>System.IO.FileNotFoundException: Could not load file or assembly 'file:///C:\Users\Yasunori\JavaProjects\FitNesse\dotNet\fit.dll' or one of its dependencies. The system cannot find the file specified.
File name: 'file:///C:\Users\Yasunori\JavaProjects\FitNesse\dotNet\fit.dll'
   at fitSharp.Machine.Engine.Configuration.LoadNode(String typeName, XmlNode methodNode)
   at fitSharp.Machine.Engine.Configuration.LoadXml(String configXml)
   at fitSharp.Machine.Application.Shell.ParseArguments(String[] commandLineArguments)
   at fitSharp.Machine.Application.Shell.Run(String[] commandLineArguments)

WRN: Assembly binding logging is turned OFF.
To enable assembly bind failure logging, set the registry value [HKLM\Software\Microsoft\Fusion!EnableLog] (DWORD) to 1.
Note: There is some performance penalty associated with assembly bind failure logging.
To turn this feature off, remove the registry value [HKLM\Software\Microsoft\Fusion!EnableLog].

</stdOut>    <stdErr></stdErr>    <exception>FitClient: external process terminated before a connection could be established.</exception>
    <exception>FitClient: external process terminated before a connection could be established.</exception>
    <exception>FitClient was killed</exception>
  </executionLog>
  <finalCounts>
    <right>0</right>
    <wrong>0</wrong>
    <ignores>0</ignores>
    <exceptions>0</exceptions>
  </finalCounts>
  <totalRunTimeInMillis>1112</totalRunTimeInMillis>
</testResults>

