<?xml version="1.0"?>
<testResults>
  <FitNesseVersion>v20150226</FitNesseVersion>
  <rootPath>FrontPage.UserManagement.LogIn</rootPath>
    <result>
    <counts>
      <right>0</right>
      <wrong>0</wrong>
      <ignores>0</ignores>
      <exceptions>1</exceptions>
    </counts>
    <runTimeInMillis>6</runTimeInMillis>
    <content>&lt;br/&gt;&amp;lt;test page&amp;gt;&lt;br/&gt;&lt;span class="meta"&gt;classpath: dotNet\*.dll&lt;/span&gt;&lt;br/&gt;&lt;br/&gt;&lt;table&gt;
	&lt;tr&gt;
		&lt;td class="error" colspan="3"&gt;PPTesting.LoginTest&lt;hr /&gt;&lt;pre&gt;&lt;div class="fit_stacktrace"&gt;fitSharp.Machine.Exception.TypeMissingException: Type 'PPTesting.LoginTest' not found in assemblies:
    file:///C:/Windows/Microsoft.NET/Framework64/v4.0.30319/mscorlib.dll
    file:///C:/Users/Yasunori/JavaProjects/FitNesse/dotNet/Runner.exe
    file:///C:/Users/Yasunori/JavaProjects/FitNesse/dotNet/fitSharp.DLL
    file:///C:/WINDOWS/Microsoft.Net/assembly/GAC_MSIL/System.Xml/v4.0_4.0.0.0__b77a5c561934e089/System.Xml.dll
    file:///C:/WINDOWS/Microsoft.Net/assembly/GAC_MSIL/System/v4.0_4.0.0.0__b77a5c561934e089/System.dll
    file:///C:/WINDOWS/Microsoft.Net/assembly/GAC_MSIL/System.Configuration/v4.0_4.0.0.0__b03f5f7f11d50a3a/System.Configuration.dll
    file:///C:/WINDOWS/Microsoft.Net/assembly/GAC_MSIL/System.Core/v4.0_4.0.0.0__b77a5c561934e089/System.Core.dll
    file:///C:/Users/Yasunori/JavaProjects/FitNesse/dotNet/fit.DLL
    file:///C:/Users/Yasunori/JavaProjects/FitNesse/dotNet/dbfit.DLL
    file:///C:/WINDOWS/Microsoft.Net/assembly/GAC_64/System.Data/v4.0_4.0.0.0__b77a5c561934e089/System.Data.dll
    file:///C:/Users/Yasunori/Documents/Visual Studio 2013/Projects/PPTesting/PPTesting/bin/Debug/PPTesting.dll
    file:///C:/Users/Yasunori/JavaProjects/FitNesse/dotNet/dbfit.PostgreSql.DLL
    file:///C:/Users/Yasunori/JavaProjects/FitNesse/dotNet/EntityFramework.DLL
    file:///C:/WINDOWS/Microsoft.Net/assembly/GAC_MSIL/System.ComponentModel.DataAnnotations/v4.0_4.0.0.0__31bf3856ad364e35/System.ComponentModel.DataAnnotations.dll
    file:///C:/WINDOWS/Microsoft.Net/assembly/GAC_64/System.Transactions/v4.0_4.0.0.0__b77a5c561934e089/System.Transactions.dll
    file:///C:/WINDOWS/Microsoft.Net/assembly/GAC_MSIL/System.Runtime.Serialization/v4.0_4.0.0.0__b77a5c561934e089/System.Runtime.Serialization.dll
    file:///C:/Users/Yasunori/JavaProjects/FitNesse/dotNet/Mono.Security.DLL
    file:///C:/Users/Yasunori/JavaProjects/FitNesse/dotNet/Npgsql.DLL
    file:///C:/Users/Yasunori/JavaProjects/FitNesse/dotNet/Npgsql.EntityFramework.DLL

   at fitSharp.Machine.Engine.ApplicationUnderTest.FindType(NameMatcher typeName)
   at fitSharp.Fit.Operators.ParseType.Parse(Type type, TypedValue instance, Tree`1 parameters)
   at fitSharp.Machine.Engine.ProcessorBase`2.&lt;&gt;c__DisplayClass18.&lt;&gt;c__DisplayClass1a.&lt;Parse&gt;b__17(ParseOperator`1 o)
   at fitSharp.Machine.Engine.Operators`2.Do[O](CanDoOperation`1 canDoOperation, DoOperation`1 doOperation)
   at fitSharp.Machine.Engine.ProcessorBase`2.&lt;&gt;c__DisplayClass18.&lt;Parse&gt;b__15(OperationLogging logging)
   at fitSharp.Machine.Engine.ProcessorBase`2.DoLoggedOperation[R](String startMessage, Func`2 operation)
   at fitSharp.Machine.Engine.ProcessorBase`2.Parse(Type type, TypedValue instance, Tree`1 parameters)
   at fitSharp.Fit.Service.CellProcessorBase.Parse(Type type, TypedValue instance, Tree`1 parameters)
   at fitSharp.Machine.Engine.ProcessorExtension.ParseTree[T](Processor`1 processor, Type type, Tree`1 parameters)
   at fitSharp.Machine.Engine.ProcessorExtension.ParseString[T](Processor`1 processor, Type type, String input)
   at fitSharp.Machine.Engine.ProcessorExtension.ParseString[T,V](Processor`1 processor, String input)
   at fitSharp.Machine.Engine.DefaultRuntime`2.Create(String memberName, Tree`1 parameters)
   at fitSharp.Machine.Engine.ProcessorBase`2.&lt;&gt;c__DisplayClass1f.&lt;&gt;c__DisplayClass21.&lt;Create&gt;b__1e(RuntimeOperator`1 o)
   at fitSharp.Machine.Engine.Operators`2.Do[O](CanDoOperation`1 canDoOperation, DoOperation`1 doOperation)
   at fitSharp.Machine.Engine.ProcessorBase`2.&lt;&gt;c__DisplayClass1f.&lt;Create&gt;b__1c(OperationLogging logging)
   at fitSharp.Machine.Engine.ProcessorBase`2.DoLoggedOperation[R](String startMessage, Func`2 operation)
   at fitSharp.Machine.Engine.ProcessorBase`2.Create(String memberName, Tree`1 parameters)
   at fitSharp.Machine.Engine.ProcessorExtension.Create[T](Processor`1 processor, String membername)
   at fit.Operators.ParseInterpreter.CreateInterpreter(Tree`1 parameters, Cell classCell, TypedValue instance)
   at fit.Operators.ParseInterpreter.Parse(Type type, TypedValue instance, Tree`1 parameters)
   at fitSharp.Machine.Engine.ProcessorBase`2.&lt;&gt;c__DisplayClass18.&lt;&gt;c__DisplayClass1a.&lt;Parse&gt;b__17(ParseOperator`1 o)
   at fitSharp.Machine.Engine.Operators`2.Do[O](CanDoOperation`1 canDoOperation, DoOperation`1 doOperation)
   at fitSharp.Machine.Engine.ProcessorBase`2.&lt;&gt;c__DisplayClass18.&lt;Parse&gt;b__15(OperationLogging logging)
   at fitSharp.Machine.Engine.ProcessorBase`2.DoLoggedOperation[R](String startMessage, Func`2 operation)
   at fitSharp.Machine.Engine.ProcessorBase`2.Parse(Type type, TypedValue instance, Tree`1 parameters)
   at fitSharp.Fit.Service.CellProcessorBase.Parse(Type type, TypedValue instance, Tree`1 parameters)
   at fitSharp.Machine.Engine.ProcessorExtension.ParseTree[T](Processor`1 processor, Type type, Tree`1 parameters)
   at fitSharp.Machine.Engine.ProcessorExtension.ParseTree[T,V](Processor`1 processor, Tree`1 input)
   at fitlibrary.FlowFixtureBase.ProcessFlowRow(Parse theCurrentRow)&lt;/div&gt;&lt;/pre&gt;&lt;/td&gt;
	&lt;/tr&gt;
	&lt;tr&gt;
		&lt;td&gt;UserName&lt;/td&gt;
		&lt;td&gt;Password&lt;/td&gt;
		&lt;td&gt;IsLogInSuccessful?&lt;/td&gt;
	&lt;/tr&gt;
	&lt;tr&gt;
		&lt;td&gt;Yasunori&lt;/td&gt;
		&lt;td&gt;1234&lt;/td&gt;
		&lt;td&gt;true&lt;/td&gt;
	&lt;/tr&gt;
&lt;/table&gt;
</content>
    <relativePageName>LogIn</relativePageName>
          </result>
    <executionLog>
    <testSystem>fit:C:\Users\Yasunori\JavaProjects\FitNesse\dotNet\Runner.exe</testSystem>
    <command>C:\Users\Yasunori\JavaProjects\FitNesse\dotNet\Runner.exe -c test.config.xml C:\Users\Yasunori\JavaProjects\FitNesse\dotNet\dbfit.dll;C:\Users\Yasunori\JavaProjects\FitNesse\dotNet\dbfit.PostgreSql.dll;C:\Users\Yasunori\JavaProjects\FitNesse\dotNet\EntityFramework.dll;C:\Users\Yasunori\JavaProjects\FitNesse\dotNet\fit.dll;C:\Users\Yasunori\JavaProjects\FitNesse\dotNet\fitSharp.dll;C:\Users\Yasunori\JavaProjects\FitNesse\dotNet\Mono.Security.dll;C:\Users\Yasunori\JavaProjects\FitNesse\dotNet\Npgsql.dll;C:\Users\Yasunori\JavaProjects\FitNesse\dotNet\Npgsql.EntityFramework.dll asus2 58862 3863</command>
    <exitCode>1</exitCode>
    <stdOut></stdOut>    <stdErr></stdErr>  </executionLog>
  <finalCounts>
    <right>0</right>
    <wrong>0</wrong>
    <ignores>0</ignores>
    <exceptions>1</exceptions>
  </finalCounts>
  <totalRunTimeInMillis>1466</totalRunTimeInMillis>
</testResults>

