<?xml version="1.0"?>
<testResults>
  <FitNesseVersion>v20150226</FitNesseVersion>
  <rootPath>FrontPage.UserManagement.LogIn</rootPath>
    <executionLog>
    <testSystem>fit:dotNet\Runner.exe</testSystem>
    <command>dotNet\Runner.exe -c test.config.xml "C:\Users\Yasunori\Documents\Visual Studio 2013\Projects\PPTesting\Fitnesse\dotNet\dbfit.dll;C:\Users\Yasunori\Documents\Visual Studio 2013\Projects\PPTesting\Fitnesse\dotNet\dbfit.PostgreSql.dll;C:\Users\Yasunori\Documents\Visual Studio 2013\Projects\PPTesting\Fitnesse\dotNet\EntityFramework.dll;C:\Users\Yasunori\Documents\Visual Studio 2013\Projects\PPTesting\Fitnesse\dotNet\fit.dll;C:\Users\Yasunori\Documents\Visual Studio 2013\Projects\PPTesting\Fitnesse\dotNet\fitSharp.dll;C:\Users\Yasunori\Documents\Visual Studio 2013\Projects\PPTesting\Fitnesse\dotNet\Mono.Security.dll;C:\Users\Yasunori\Documents\Visual Studio 2013\Projects\PPTesting\Fitnesse\dotNet\Npgsql.dll;C:\Users\Yasunori\Documents\Visual Studio 2013\Projects\PPTesting\Fitnesse\dotNet\Npgsql.EntityFramework.dll;C:\Users\Yasunori\Documents\Visual Studio 2013\Projects\PPTesting\Fitnesse\dotNet\Selenium.WebDriverBackedSelenium.dll;C:\Users\Yasunori\Documents\Visual Studio 2013\Projects\PPTesting\Fitnesse\dotNet\ThoughtWorks.Selenium.Core.dll;C:\Users\Yasunori\Documents\Visual Studio 2013\Projects\PPTesting\Fitnesse\dotNet\WebDriver.dll;C:\Users\Yasunori\Documents\Visual Studio 2013\Projects\PPTesting\Fitnesse\dotNet\WebDriver.Support.dll;..\PPTesting\bin\Debug\PPTestin.dll" asus2 59836 3863</command>
    <exitCode>1</exitCode>
    <stdOut>System.IO.FileNotFoundException: Could not load file or assembly 'file:///C:\Users\Yasunori\Documents\Visual Studio 2013\Projects\PPTesting\PPTesting\bin\Debug\PPTestin.dll' or one of its dependencies. The system cannot find the file specified.
File name: 'file:///C:\Users\Yasunori\Documents\Visual Studio 2013\Projects\PPTesting\PPTesting\bin\Debug\PPTestin.dll'
   at System.Reflection.RuntimeAssembly._nLoad(AssemblyName fileName, String codeBase, Evidence assemblySecurity, RuntimeAssembly locationHint, StackCrawlMark&amp; stackMark, IntPtr pPrivHostBinder, Boolean throwOnFileNotFound, Boolean forIntrospection, Boolean suppressSecurityChecks)
   at System.Reflection.RuntimeAssembly.InternalLoadAssemblyName(AssemblyName assemblyRef, Evidence assemblySecurity, RuntimeAssembly reqAssembly, StackCrawlMark&amp; stackMark, IntPtr pPrivHostBinder, Boolean throwOnFileNotFound, Boolean forIntrospection, Boolean suppressSecurityChecks)
   at System.Reflection.RuntimeAssembly.InternalLoadAssemblyName(AssemblyName assemblyRef, Evidence assemblySecurity, RuntimeAssembly reqAssembly, StackCrawlMark&amp; stackMark, Boolean throwOnFileNotFound, Boolean forIntrospection, Boolean suppressSecurityChecks)
   at System.Reflection.RuntimeAssembly.InternalLoadFrom(String assemblyFile, Evidence securityEvidence, Byte[] hashValue, AssemblyHashAlgorithm hashAlgorithm, Boolean forIntrospection, Boolean suppressSecurityChecks, StackCrawlMark&amp; stackMark)
   at System.Reflection.Assembly.LoadFrom(String assemblyFile)
   at fitSharp.Machine.Engine.CurrentDomain.LoadAssembly(String assemblyPath)
   at fitSharp.Machine.Engine.ApplicationUnderTest.Assemblies.AddAssembly(String assemblyName)
   at fitSharp.Machine.Engine.ApplicationUnderTest.AddAssembly(String assemblyName)
   at fitnesse.fitserver.PathParser.AddAssemblies(Configuration configuration)
   at fitnesse.fitserver.FitServer.ParseCommandLineArguments(String[] args)
   at fitnesse.fitserver.FitServer.Run(String[] CommandLineArguments)
   at fitnesse.fitserver.FitServer.Run(String[] commandLineArguments, Configuration configuration, ProgressReporter reporter)
   at fitSharp.Machine.Application.Shell.Run()
   at fitSharp.Machine.Application.Shell.ExecuteInApartment()
   at fitSharp.Machine.Application.Shell.Execute()
   at fitSharp.Machine.Application.Shell.RunInCurrentDomain()
   at fitSharp.Machine.Application.Shell.Run(String[] commandLineArguments)

WRN: Assembly binding logging is turned OFF.
To enable assembly bind failure logging, set the registry value [HKLM\Software\Microsoft\Fusion!EnableLog] (DWORD) to 1.
Note: There is some performance penalty associated with assembly bind failure logging.
To turn this feature off, remove the registry value [HKLM\Software\Microsoft\Fusion!EnableLog].

</stdOut>    <stdErr></stdErr>    <exception>FitClient: external process terminated before a connection could be established.</exception>
    <exception>FitClient: external process terminated before a connection could be established.</exception>
    <exception>FitClient was killed</exception>
  </executionLog>
  <finalCounts>
    <right>0</right>
    <wrong>0</wrong>
    <ignores>0</ignores>
    <exceptions>0</exceptions>
  </finalCounts>
  <totalRunTimeInMillis>1114</totalRunTimeInMillis>
</testResults>

