<?xml version="1.0"?>
<testResults>
  <FitNesseVersion>v20150226</FitNesseVersion>
  <rootPath>FrontPage.UserManagement.LogIn</rootPath>
    <result>
    <counts>
      <right>0</right>
      <wrong>0</wrong>
      <ignores>0</ignores>
      <exceptions>1</exceptions>
    </counts>
    <runTimeInMillis>7</runTimeInMillis>
    <content>&lt;br/&gt;&amp;lt;test page&amp;gt;&lt;br/&gt;&lt;span class="meta"&gt;classpath: dotNet\*.dll&lt;/span&gt;&lt;br/&gt;&lt;span class="meta"&gt;classpath: C:\Users\Yasunori\Documents\Visual Studio 2013\Projects\PPTesting\PPTesting\bin\Debug\PPTesting.dll&lt;/span&gt;&lt;br/&gt;&lt;br/&gt;&lt;table&gt;
	&lt;tr&gt;
		&lt;td class="error" colspan="3"&gt;PPTesting.LoginTest&lt;hr /&gt;&lt;pre&gt;&lt;div class="fit_stacktrace"&gt;System.InvalidCastException: [A]fit.Parse cannot be cast to [B]fit.Parse. Type A originates from 'fit, Version=1.9.5574.3863, Culture=neutral, PublicKeyToken=null' in the context 'Default' at location 'C:\Users\Yasunori\Documents\Visual Studio 2013\Projects\PPTesting\Fitnesse\dotNet\fit.dll'. Type B originates from 'fit, Version=1.9.5574.3863, Culture=neutral, PublicKeyToken=null' in the context 'LoadFrom' at location 'C:\Users\Yasunori\JavaProjects\FitNesse\dotNet\fit.dll'.
   at fitlibrary.FlowFixtureBase.InterpretFlow(Tree`1 table)
   at fitSharp.Fit.Service.ExecuteStoryTest.InterpretTable(Tree`1 table)
   at fitSharp.Fit.Service.ExecuteStoryTest.InterpretTables(Tree`1 theTables)&lt;/div&gt;&lt;/pre&gt;&lt;/td&gt;
	&lt;/tr&gt;
	&lt;tr&gt;
		&lt;td&gt;UserName&lt;/td&gt;
		&lt;td&gt;Password&lt;/td&gt;
		&lt;td&gt;IsLogInSuccessful?&lt;/td&gt;
	&lt;/tr&gt;
	&lt;tr&gt;
		&lt;td&gt;Yasunori&lt;/td&gt;
		&lt;td&gt;1234&lt;/td&gt;
		&lt;td&gt;true&lt;/td&gt;
	&lt;/tr&gt;
&lt;/table&gt;
</content>
    <relativePageName>LogIn</relativePageName>
          </result>
    <executionLog>
    <testSystem>fit:dotNet\Runner.exe</testSystem>
    <command>dotNet\Runner.exe -c test.config.xml "C:\Users\Yasunori\Documents\Visual Studio 2013\Projects\PPTesting\Fitnesse\dotNet\dbfit.dll;C:\Users\Yasunori\Documents\Visual Studio 2013\Projects\PPTesting\Fitnesse\dotNet\dbfit.PostgreSql.dll;C:\Users\Yasunori\Documents\Visual Studio 2013\Projects\PPTesting\Fitnesse\dotNet\EntityFramework.dll;C:\Users\Yasunori\Documents\Visual Studio 2013\Projects\PPTesting\Fitnesse\dotNet\fit.dll;C:\Users\Yasunori\Documents\Visual Studio 2013\Projects\PPTesting\Fitnesse\dotNet\fitSharp.dll;C:\Users\Yasunori\Documents\Visual Studio 2013\Projects\PPTesting\Fitnesse\dotNet\Mono.Security.dll;C:\Users\Yasunori\Documents\Visual Studio 2013\Projects\PPTesting\Fitnesse\dotNet\Npgsql.dll;C:\Users\Yasunori\Documents\Visual Studio 2013\Projects\PPTesting\Fitnesse\dotNet\Npgsql.EntityFramework.dll;C:\Users\Yasunori\Documents\Visual Studio 2013\Projects\PPTesting\Fitnesse\dotNet\Selenium.WebDriverBackedSelenium.dll;C:\Users\Yasunori\Documents\Visual Studio 2013\Projects\PPTesting\Fitnesse\dotNet\ThoughtWorks.Selenium.Core.dll;C:\Users\Yasunori\Documents\Visual Studio 2013\Projects\PPTesting\Fitnesse\dotNet\WebDriver.dll;C:\Users\Yasunori\Documents\Visual Studio 2013\Projects\PPTesting\Fitnesse\dotNet\WebDriver.Support.dll;C:\Users\Yasunori\Documents\Visual Studio 2013\Projects\PPTesting\PPTesting\bin\Debug\PPTesting.dll" asus2 59792 3863</command>
    <exitCode>1</exitCode>
    <stdOut></stdOut>    <stdErr></stdErr>  </executionLog>
  <finalCounts>
    <right>0</right>
    <wrong>0</wrong>
    <ignores>0</ignores>
    <exceptions>1</exceptions>
  </finalCounts>
  <totalRunTimeInMillis>661</totalRunTimeInMillis>
</testResults>

