<?xml version="1.0"?>
<testResults>
  <FitNesseVersion>v20150226</FitNesseVersion>
  <rootPath>SampleTest</rootPath>
    <result>
    <counts>
      <right>0</right>
      <wrong>0</wrong>
      <ignores>0</ignores>
      <exceptions>1</exceptions>
    </counts>
    <runTimeInMillis>24</runTimeInMillis>
    <content>&lt;div class="error"&gt;Unable to parse input. Input ignored.&lt;hr /&gt;&lt;pre&gt;&lt;div class="fit_stacktrace"&gt;System.NullReferenceException: Object reference not set to an instance of an object.
   at fit.ParseList.get_Item(Int32 index)
   at fit.Runner.SocketServer.ProcessTestDocument(String document, StoryTestWriter writer)&lt;/div&gt;&lt;/pre&gt;&lt;/div&gt;</content>
    <relativePageName>SampleTest</relativePageName>
          </result>
    <executionLog>
    <testSystem>fit:C:\Users\Yasunori\JavaProjects\FitNesse\dotNet\Runner.exe</testSystem>
    <command>C:\Users\Yasunori\JavaProjects\FitNesse\dotNet\Runner.exe -c C:\Users\Yasunori\Documents\Visual Studio 2013\Projects\PPTesting\storytest.config.xml defaultPath asus2 53228 3863</command>
    <exitCode>1</exitCode>
    <stdOut></stdOut>    <stdErr></stdErr>  </executionLog>
  <finalCounts>
    <right>0</right>
    <wrong>0</wrong>
    <ignores>0</ignores>
    <exceptions>1</exceptions>
  </finalCounts>
  <totalRunTimeInMillis>1267</totalRunTimeInMillis>
</testResults>

