<?xml version="1.0"?>
<testResults>
  <FitNesseVersion>v20150226</FitNesseVersion>
  <rootPath>FrontPage.SampleTests.HelloWorld</rootPath>
    <executionLog>
    <testSystem>fit:C:\Users\Yasunori\JavaProjects\FitNesse\dotNet\Runner.exe</testSystem>
    <command>C:\Users\Yasunori\JavaProjects\FitNesse\dotNet\Runner.exe -c test.config.xml C:\Users\Yasunori\JavaProjects\FitNesse\dotNet\dbfit.dll;C:\Users\Yasunori\JavaProjects\FitNesse\dotNet\dbfit.mysql.dll;C:\Users\Yasunori\JavaProjects\FitNesse\dotNet\dbfit.oracle.dll;C:\Users\Yasunori\JavaProjects\FitNesse\dotNet\dbfit.PostgreSql.dll;C:\Users\Yasunori\JavaProjects\FitNesse\dotNet\dbfit.sqlserver.dll;C:\Users\Yasunori\JavaProjects\FitNesse\dotNet\dbfit.sybase.dll;C:\Users\Yasunori\JavaProjects\FitNesse\dotNet\fit.dll;C:\Users\Yasunori\JavaProjects\FitNesse\dotNet\fitSharp.dll;C:\Users\Yasunori\JavaProjects\FitNesse\dotNet\Mono.Security.dll;C:\Users\Yasunori\JavaProjects\FitNesse\dotNet\Npgsql.dll asus2 64795 3863</command>
    <exitCode>1</exitCode>
    <stdOut>System.IO.FileLoadException: Could not load file or assembly 'file:///C:\Users\Yasunori\JavaProjects\FitNesse\dotNet\Mono.Security.dll' or one of its dependencies. Operation is not supported. (Exception from HRESULT: 0x80131515)
File name: 'file:///C:\Users\Yasunori\JavaProjects\FitNesse\dotNet\Mono.Security.dll' ---&gt; System.NotSupportedException: An attempt was made to load an assembly from a network location which would have caused the assembly to be sandboxed in previous versions of the .NET Framework. This release of the .NET Framework does not enable CAS policy by default, so this load may be dangerous. If this load is not intended to sandbox the assembly, please enable the loadFromRemoteSources switch. See http://go.microsoft.com/fwlink/?LinkId=155569 for more information.
   at System.Reflection.RuntimeAssembly._nLoad(AssemblyName fileName, String codeBase, Evidence assemblySecurity, RuntimeAssembly locationHint, StackCrawlMark&amp; stackMark, IntPtr pPrivHostBinder, Boolean throwOnFileNotFound, Boolean forIntrospection, Boolean suppressSecurityChecks)
   at System.Reflection.RuntimeAssembly.InternalLoadAssemblyName(AssemblyName assemblyRef, Evidence assemblySecurity, RuntimeAssembly reqAssembly, StackCrawlMark&amp; stackMark, IntPtr pPrivHostBinder, Boolean throwOnFileNotFound, Boolean forIntrospection, Boolean suppressSecurityChecks)
   at System.Reflection.RuntimeAssembly.InternalLoadAssemblyName(AssemblyName assemblyRef, Evidence assemblySecurity, RuntimeAssembly reqAssembly, StackCrawlMark&amp; stackMark, Boolean throwOnFileNotFound, Boolean forIntrospection, Boolean suppressSecurityChecks)
   at System.Reflection.RuntimeAssembly.InternalLoadFrom(String assemblyFile, Evidence securityEvidence, Byte[] hashValue, AssemblyHashAlgorithm hashAlgorithm, Boolean forIntrospection, Boolean suppressSecurityChecks, StackCrawlMark&amp; stackMark)
   at System.Reflection.Assembly.LoadFrom(String assemblyFile)
   at fitSharp.Machine.Engine.CurrentDomain.LoadAssembly(String assemblyPath)
   at fitSharp.Machine.Engine.ApplicationUnderTest.Assemblies.AddAssembly(String assemblyName)
   at fitSharp.Machine.Engine.ApplicationUnderTest.AddAssemblies(IEnumerable`1 assemblyNames)
   at fitnesse.fitserver.FitServer.ParseCommandLineArguments(IEnumerable`1 args)
   at fitnesse.fitserver.FitServer.Run(IList`1 CommandLineArguments)
   at fitnesse.fitserver.FitServer.Run(IList`1 commandLineArguments, Memory memory, ProgressReporter reporter)
   at fitSharp.Machine.Application.Shell.Run()
   at fitSharp.Machine.Application.Shell.Execute()
   at fitSharp.Machine.Application.Shell.Run(IList`1 commandLineArguments)


</stdOut>    <stdErr></stdErr>    <exception>FitClient: external process terminated before a connection could be established.</exception>
    <exception>FitClient: external process terminated before a connection could be established.</exception>
    <exception>FitClient was killed</exception>
  </executionLog>
  <finalCounts>
    <right>0</right>
    <wrong>0</wrong>
    <ignores>0</ignores>
    <exceptions>0</exceptions>
  </finalCounts>
  <totalRunTimeInMillis>1110</totalRunTimeInMillis>
</testResults>

