<?xml version="1.0"?>
<testResults>
  <FitNesseVersion>v20150226</FitNesseVersion>
  <rootPath>FrontPage.SampleTests.HelloWorld</rootPath>
    <executionLog>
    <testSystem>fit:C:\Users\Yasunori\JavaProjects\FitNesse\dotNet\Runner.exe</testSystem>
    <command>C:\Users\Yasunori\JavaProjects\FitNesse\dotNet\Runner.exe -c test.config.xml C:\Users\Yasunori\JavaProjects\FitNesse\dotNet\dbfit.dll;C:\Users\Yasunori\JavaProjects\FitNesse\dotNet\dbfit.mysql.dll;C:\Users\Yasunori\JavaProjects\FitNesse\dotNet\dbfit.oracle.dll;C:\Users\Yasunori\JavaProjects\FitNesse\dotNet\dbfit.PostgreSql.dll;C:\Users\Yasunori\JavaProjects\FitNesse\dotNet\dbfit.sqlserver.dll;C:\Users\Yasunori\JavaProjects\FitNesse\dotNet\dbfit.sybase.dll;C:\Users\Yasunori\JavaProjects\FitNesse\dotNet\fit.dll;C:\Users\Yasunori\JavaProjects\FitNesse\dotNet\fitSharp.dll;C:\Users\Yasunori\JavaProjects\FitNesse\dotNet\Mono.Security.dll;C:\Users\Yasunori\JavaProjects\FitNesse\dotNet\Npgsql.dll;C:\Users\Yasunori\JavaProjects\FitNesse\dotNet\Npgsql.EntityFramework.dll;C:\Users\Yasunori\JavaProjects\FitNesse\dotNet\Npgsql.EntityFrameworkLegacy.dll asus2 65152 3863</command>
    <exitCode>1</exitCode>
    <stdOut>System.IO.FileNotFoundException: Could not load file or assembly 'EntityFramework, Version=6.0.0.0, Culture=neutral, PublicKeyToken=b77a5c561934e089' or one of its dependencies. The system cannot find the file specified.
File name: 'EntityFramework, Version=6.0.0.0, Culture=neutral, PublicKeyToken=b77a5c561934e089'
   at System.Reflection.RuntimeAssembly.GetExportedTypes(RuntimeAssembly assembly, ObjectHandleOnStack retTypes)
   at System.Reflection.RuntimeAssembly.GetExportedTypes()
   at fitSharp.Machine.Engine.CurrentDomain.LoadAssembly(String assemblyPath)
   at fitSharp.Machine.Engine.ApplicationUnderTest.Assemblies.AddAssembly(String assemblyName)
   at fitSharp.Machine.Engine.ApplicationUnderTest.AddAssemblies(IEnumerable`1 assemblyNames)
   at fitnesse.fitserver.FitServer.ParseCommandLineArguments(IEnumerable`1 args)
   at fitnesse.fitserver.FitServer.Run(IList`1 CommandLineArguments)
   at fitnesse.fitserver.FitServer.Run(IList`1 commandLineArguments, Memory memory, ProgressReporter reporter)
   at fitSharp.Machine.Application.Shell.Run()
   at fitSharp.Machine.Application.Shell.Execute()
   at fitSharp.Machine.Application.Shell.Run(IList`1 commandLineArguments)

WRN: Assembly binding logging is turned OFF.
To enable assembly bind failure logging, set the registry value [HKLM\Software\Microsoft\Fusion!EnableLog] (DWORD) to 1.
Note: There is some performance penalty associated with assembly bind failure logging.
To turn this feature off, remove the registry value [HKLM\Software\Microsoft\Fusion!EnableLog].

</stdOut>    <stdErr></stdErr>    <exception>FitClient: external process terminated before a connection could be established.</exception>
    <exception>FitClient: external process terminated before a connection could be established.</exception>
    <exception>FitClient was killed</exception>
  </executionLog>
  <finalCounts>
    <right>0</right>
    <wrong>0</wrong>
    <ignores>0</ignores>
    <exceptions>0</exceptions>
  </finalCounts>
  <totalRunTimeInMillis>1106</totalRunTimeInMillis>
</testResults>

