<?xml version="1.0"?>
<testResults>
  <FitNesseVersion>v20150226</FitNesseVersion>
  <rootPath>FrontPage.SampleTests.HelloWorld</rootPath>
    <executionLog>
    <testSystem>fit:C:\Users\Yasunori\JavaProjects\FitNesse\dotNet\Runner.exe</testSystem>
    <command>C:\Users\Yasunori\JavaProjects\FitNesse\dotNet\Runner.exe -c test2.config.xml defaultPath asus2 52743 3863</command>
    <exitCode>1</exitCode>
    <stdOut>Missing runner class

Usage:
	Runner -r runnerClass [ -a appConfigFile ][ -c runnerConfigFile ] ...
</stdOut>    <stdErr></stdErr>    <exception>FitClient: external process terminated before a connection could be established.</exception>
    <exception>FitClient: external process terminated before a connection could be established.</exception>
    <exception>FitClient was killed</exception>
  </executionLog>
  <finalCounts>
    <right>0</right>
    <wrong>0</wrong>
    <ignores>0</ignores>
    <exceptions>0</exceptions>
  </finalCounts>
  <totalRunTimeInMillis>1109</totalRunTimeInMillis>
</testResults>

