<?xml version="1.0"?>
<testResults>
  <FitNesseVersion>v20150226</FitNesseVersion>
  <rootPath>FrontPage.SampleTests.HelloWorld</rootPath>
    <executionLog>
    <testSystem>fit:C:\Users\Yasunori\JavaProjects\FitNesse\dotNet\Runner.exe</testSystem>
    <command>C:\Users\Yasunori\JavaProjects\FitNesse\dotNet\Runner.exe -c test.config.xml {dotNet\*.dll} asus2 52945 3863</command>
    <exitCode>1</exitCode>
    <stdOut>System.ArgumentException: Invalid directory on URL.
   at System.Security.Util.DirectoryString.CreateSeparatedString(String directory)
   at System.Security.Util.DirectoryString..ctor(String directory, Boolean checkForIllegalChars)
   at System.Security.Util.URLString.ParseFileURL(String url)
   at System.Security.Util.URLString.GetFileName()
   at System.Reflection.RuntimeAssembly.InternalLoadAssemblyName(AssemblyName assemblyRef, Evidence assemblySecurity, RuntimeAssembly reqAssembly, StackCrawlMark&amp; stackMark, IntPtr pPrivHostBinder, Boolean throwOnFileNotFound, Boolean forIntrospection, Boolean suppressSecurityChecks)
   at System.Reflection.RuntimeAssembly.InternalLoadAssemblyName(AssemblyName assemblyRef, Evidence assemblySecurity, RuntimeAssembly reqAssembly, StackCrawlMark&amp; stackMark, Boolean throwOnFileNotFound, Boolean forIntrospection, Boolean suppressSecurityChecks)
   at System.Reflection.RuntimeAssembly.InternalLoadFrom(String assemblyFile, Evidence securityEvidence, Byte[] hashValue, AssemblyHashAlgorithm hashAlgorithm, Boolean forIntrospection, Boolean suppressSecurityChecks, StackCrawlMark&amp; stackMark)
   at System.Reflection.Assembly.LoadFrom(String assemblyFile)
   at fitSharp.Machine.Engine.CurrentDomain.LoadAssembly(String assemblyPath)
   at fitSharp.Machine.Engine.ApplicationUnderTest.Assemblies.AddAssembly(String assemblyName)
   at fitSharp.Machine.Engine.ApplicationUnderTest.AddAssemblies(IEnumerable`1 assemblyNames)
   at fitnesse.fitserver.FitServer.ParseCommandLineArguments(IEnumerable`1 args)
   at fitnesse.fitserver.FitServer.Run(IList`1 CommandLineArguments)
   at fitnesse.fitserver.FitServer.Run(IList`1 commandLineArguments, Memory memory, ProgressReporter reporter)
   at fitSharp.Machine.Application.Shell.Run()
   at fitSharp.Machine.Application.Shell.Execute()
   at fitSharp.Machine.Application.Shell.Run(IList`1 commandLineArguments)
</stdOut>    <stdErr></stdErr>    <exception>FitClient: external process terminated before a connection could be established.</exception>
    <exception>FitClient: external process terminated before a connection could be established.</exception>
    <exception>FitClient was killed</exception>
  </executionLog>
  <finalCounts>
    <right>0</right>
    <wrong>0</wrong>
    <ignores>0</ignores>
    <exceptions>0</exceptions>
  </finalCounts>
  <totalRunTimeInMillis>1155</totalRunTimeInMillis>
</testResults>

