<?xml version="1.0"?>
<testResults>
  <FitNesseVersion>v20150226</FitNesseVersion>
  <rootPath>FrontPage.SampleTests.HelloWorld</rootPath>
    <result>
    <counts>
      <right>0</right>
      <wrong>0</wrong>
      <ignores>0</ignores>
      <exceptions>4</exceptions>
    </counts>
    <runTimeInMillis>91</runTimeInMillis>
    <content>&lt;br/&gt;&amp;lt;test page&amp;gt;&lt;br/&gt;&lt;span class="meta"&gt;classpath: dotNet\*.dll&lt;/span&gt;&lt;br/&gt;&lt;br/&gt;&lt;table&gt;
	&lt;tr&gt;
		&lt;td class="error"&gt;dbfit.PostgreSqlTest&lt;hr /&gt;&lt;pre&gt;&lt;div class="fit_stacktrace"&gt;System.Reflection.TargetInvocationException: Exception has been thrown by the target of an invocation. ---&gt; fitSharp.Machine.Exception.CreateException: Constructor with 0 parameter(s) failed for type 'dbfit.PostgreSqlTest'. ---&gt; System.TypeInitializationException: The type initializer for 'dbfit.PostgreSqlEnvironment' threw an exception. ---&gt; System.IO.FileLoadException: Could not load file or assembly 'Npgsql, Version=2.2.5.0, Culture=neutral, PublicKeyToken=5d8b90d52f46fda7' or one of its dependencies. The located assembly's manifest definition does not match the assembly reference. (Exception from HRESULT: 0x80131040)
   at dbfit.PostgreSqlEnvironment..cctor()
   --- End of inner exception stack trace ---
   at dbfit.PostgreSqlEnvironment..ctor()
   at dbfit.PostgreSqlTest..ctor()
   --- End of inner exception stack trace ---
   at fitSharp.Machine.Engine.CreateDefault`2.CreateWithoutParameters(RuntimeType runtimeType)
   at fitSharp.Machine.Engine.CreateDefault`2.Create(NameMatcher memberName, Tree`1 parameters)
   --- End of inner exception stack trace ---
   at System.RuntimeMethodHandle.InvokeMethod(Object target, Object[] arguments, Signature sig, Boolean constructor)
   at System.Reflection.RuntimeMethodInfo.UnsafeInvokeInternal(Object obj, Object[] parameters, Object[] arguments)
   at System.Reflection.RuntimeMethodInfo.Invoke(Object obj, BindingFlags invokeAttr, Binder binder, Object[] parameters, CultureInfo culture)
   at System.RuntimeType.InvokeMember(String name, BindingFlags bindingFlags, Binder binder, Object target, Object[] providedArgs, ParameterModifier[] modifiers, CultureInfo culture, String[] namedParams)
   at fitSharp.Machine.Engine.MethodMember.TryInvoke(Object[] parameters)
   at fitSharp.Machine.Engine.ReflectionMember.Invoke(Object[] parameters)
   at fitSharp.Machine.Engine.ProcessorBase`2.Operate[O](Object[] parameters)
   at fitSharp.Fit.Operators.ParseInterpreter.MakeInterpreter(Cell classCell)
   at fitSharp.Fit.Operators.ParseInterpreter.Parse(Type type, TypedValue instance, Tree`1 parameters)
   at fitSharp.Machine.Engine.ProcessorBase`2.&lt;&gt;c__DisplayClass11.&lt;&gt;c__DisplayClass13.&lt;Parse&gt;b__10(ParseOperator`1 o)
   at fitSharp.Machine.Engine.Operators`2.Do[O](CanDoOperation`1 canDoOperation, DoOperation`1 doOperation)
   at fitSharp.Machine.Engine.ProcessorBase`2.&lt;&gt;c__DisplayClass11.&lt;Parse&gt;b__e(OperationLogging logging)
   at fitSharp.Machine.Engine.ProcessorBase`2.DoLoggedOperation[R](String startMessage, Func`2 operation)
   at fitSharp.Fit.Service.CellProcessorBase.Parse(Type type, TypedValue instance, Tree`1 parameters)
   at fitSharp.Machine.Engine.ProcessorExtension.ParseTree[T](Processor`1 processor, Type type, Tree`1 parameters)
   at fitSharp.Machine.Engine.ProcessorExtension.ParseTree[T,V](Processor`1 processor, Tree`1 input)
   at fitSharp.Fit.Operators.InterpretFlow.ProcessFlowRow(Tree`1 table, Int32 rowNumber)&lt;/div&gt;&lt;/pre&gt;&lt;/td&gt;
	&lt;/tr&gt;
&lt;/table&gt;
&lt;br/&gt;&lt;table&gt;
	&lt;tr&gt;
		&lt;td class="error"&gt;Connect&lt;hr /&gt;&lt;pre&gt;&lt;div class="fit_stacktrace"&gt;fitSharp.Machine.Exception.TypeMissingException: Type 'Connect' not found in assemblies:
    file:///C:/Windows/Microsoft.NET/Framework64/v4.0.30319/mscorlib.dll
    file:///C:/Users/Yasunori/JavaProjects/FitNesse/dotNet/Runner.exe
    file:///C:/Users/Yasunori/JavaProjects/FitNesse/dotNet/fitSharp.DLL
    file:///C:/WINDOWS/Microsoft.Net/assembly/GAC_MSIL/System.Xml/v4.0_4.0.0.0__b77a5c561934e089/System.Xml.dll
    file:///C:/WINDOWS/Microsoft.Net/assembly/GAC_MSIL/System/v4.0_4.0.0.0__b77a5c561934e089/System.dll
    file:///C:/WINDOWS/Microsoft.Net/assembly/GAC_MSIL/System.Core/v4.0_4.0.0.0__b77a5c561934e089/System.Core.dll
    file:///C:/WINDOWS/Microsoft.Net/assembly/GAC_MSIL/System.Configuration/v4.0_4.0.0.0__b03f5f7f11d50a3a/System.Configuration.dll
    file:///C:/Users/Yasunori/JavaProjects/FitNesse/dotNet/fit.DLL
    file:///C:/Users/Yasunori/JavaProjects/FitNesse/dotNet/dbfit.DLL
    file:///C:/WINDOWS/Microsoft.Net/assembly/GAC_64/System.Data/v4.0_4.0.0.0__b77a5c561934e089/System.Data.dll
    file:///C:/Users/Yasunori/Documents/Visual Studio 2013/Projects/PPTesting/PPTesting/bin/Debug/PPTesting.dll
    file:///C:/Users/Yasunori/JavaProjects/FitNesse/dotNet/dbfit.MySql.DLL
    file:///C:/Users/Yasunori/JavaProjects/FitNesse/dotNet/dbfit.Oracle.DLL
    file:///C:/Users/Yasunori/JavaProjects/FitNesse/dotNet/dbfit.PostgreSql.DLL
    file:///C:/Users/Yasunori/JavaProjects/FitNesse/dotNet/dbfit.SqlServer.DLL
    file:///C:/Users/Yasunori/JavaProjects/FitNesse/dotNet/dbfit.Sybase.DLL
    file:///C:/Users/Yasunori/JavaProjects/FitNesse/dotNet/EntityFramework.DLL
    file:///C:/WINDOWS/Microsoft.Net/assembly/GAC_MSIL/System.ComponentModel.DataAnnotations/v4.0_4.0.0.0__31bf3856ad364e35/System.ComponentModel.DataAnnotations.dll
    file:///C:/WINDOWS/Microsoft.Net/assembly/GAC_64/System.Transactions/v4.0_4.0.0.0__b77a5c561934e089/System.Transactions.dll
    file:///C:/WINDOWS/Microsoft.Net/assembly/GAC_MSIL/System.Runtime.Serialization/v4.0_4.0.0.0__b77a5c561934e089/System.Runtime.Serialization.dll
    file:///C:/Users/Yasunori/JavaProjects/FitNesse/dotNet/Mono.Security.DLL
    file:///C:/Users/Yasunori/JavaProjects/FitNesse/dotNet/Npgsql.DLL
    file:///C:/Users/Yasunori/JavaProjects/FitNesse/dotNet/Npgsql.EntityFramework.DLL
    file:///C:/Users/Yasunori/JavaProjects/FitNesse/dotNet/Npgsql.EntityFrameworkLegacy.DLL

   at fitSharp.Machine.Engine.ReflectionMember.Invoke(Object[] parameters)
   at fitSharp.Machine.Engine.ProcessorBase`2.Operate[O](Object[] parameters)
   at fitSharp.Fit.Operators.ParseInterpreter.MakeInterpreter(Cell classCell)
   at fitSharp.Fit.Operators.ParseInterpreter.Parse(Type type, TypedValue instance, Tree`1 parameters)
   at fitSharp.Machine.Engine.ProcessorBase`2.&lt;&gt;c__DisplayClass11.&lt;&gt;c__DisplayClass13.&lt;Parse&gt;b__10(ParseOperator`1 o)
   at fitSharp.Machine.Engine.Operators`2.Do[O](CanDoOperation`1 canDoOperation, DoOperation`1 doOperation)
   at fitSharp.Machine.Engine.ProcessorBase`2.&lt;&gt;c__DisplayClass11.&lt;Parse&gt;b__e(OperationLogging logging)
   at fitSharp.Machine.Engine.ProcessorBase`2.DoLoggedOperation[R](String startMessage, Func`2 operation)
   at fitSharp.Fit.Service.CellProcessorBase.Parse(Type type, TypedValue instance, Tree`1 parameters)
   at fitSharp.Machine.Engine.ProcessorExtension.ParseTree[T](Processor`1 processor, Type type, Tree`1 parameters)
   at fitSharp.Machine.Engine.ProcessorExtension.ParseTree[T,V](Processor`1 processor, Tree`1 input)
   at fitSharp.Fit.Operators.InterpretFlow.ProcessFlowRow(Tree`1 table, Int32 rowNumber)&lt;/div&gt;&lt;/pre&gt;&lt;/td&gt;
		&lt;td&gt;127.0.0.1:5432&lt;/td&gt;
		&lt;td&gt;Yasunori&lt;/td&gt;
		&lt;td&gt;maido2134&lt;/td&gt;
		&lt;td&gt;projectpanel&lt;/td&gt;
	&lt;/tr&gt;
&lt;/table&gt;
&lt;br/&gt;&lt;table&gt;
	&lt;tr&gt;
		&lt;td class="error"&gt;Query&lt;hr /&gt;&lt;pre&gt;&lt;div class="fit_stacktrace"&gt;fitSharp.Machine.Exception.TypeMissingException: Type 'Query' not found in assemblies:
    file:///C:/Windows/Microsoft.NET/Framework64/v4.0.30319/mscorlib.dll
    file:///C:/Users/Yasunori/JavaProjects/FitNesse/dotNet/Runner.exe
    file:///C:/Users/Yasunori/JavaProjects/FitNesse/dotNet/fitSharp.DLL
    file:///C:/WINDOWS/Microsoft.Net/assembly/GAC_MSIL/System.Xml/v4.0_4.0.0.0__b77a5c561934e089/System.Xml.dll
    file:///C:/WINDOWS/Microsoft.Net/assembly/GAC_MSIL/System/v4.0_4.0.0.0__b77a5c561934e089/System.dll
    file:///C:/WINDOWS/Microsoft.Net/assembly/GAC_MSIL/System.Core/v4.0_4.0.0.0__b77a5c561934e089/System.Core.dll
    file:///C:/WINDOWS/Microsoft.Net/assembly/GAC_MSIL/System.Configuration/v4.0_4.0.0.0__b03f5f7f11d50a3a/System.Configuration.dll
    file:///C:/Users/Yasunori/JavaProjects/FitNesse/dotNet/fit.DLL
    file:///C:/Users/Yasunori/JavaProjects/FitNesse/dotNet/dbfit.DLL
    file:///C:/WINDOWS/Microsoft.Net/assembly/GAC_64/System.Data/v4.0_4.0.0.0__b77a5c561934e089/System.Data.dll
    file:///C:/Users/Yasunori/Documents/Visual Studio 2013/Projects/PPTesting/PPTesting/bin/Debug/PPTesting.dll
    file:///C:/Users/Yasunori/JavaProjects/FitNesse/dotNet/dbfit.MySql.DLL
    file:///C:/Users/Yasunori/JavaProjects/FitNesse/dotNet/dbfit.Oracle.DLL
    file:///C:/Users/Yasunori/JavaProjects/FitNesse/dotNet/dbfit.PostgreSql.DLL
    file:///C:/Users/Yasunori/JavaProjects/FitNesse/dotNet/dbfit.SqlServer.DLL
    file:///C:/Users/Yasunori/JavaProjects/FitNesse/dotNet/dbfit.Sybase.DLL
    file:///C:/Users/Yasunori/JavaProjects/FitNesse/dotNet/EntityFramework.DLL
    file:///C:/WINDOWS/Microsoft.Net/assembly/GAC_MSIL/System.ComponentModel.DataAnnotations/v4.0_4.0.0.0__31bf3856ad364e35/System.ComponentModel.DataAnnotations.dll
    file:///C:/WINDOWS/Microsoft.Net/assembly/GAC_64/System.Transactions/v4.0_4.0.0.0__b77a5c561934e089/System.Transactions.dll
    file:///C:/WINDOWS/Microsoft.Net/assembly/GAC_MSIL/System.Runtime.Serialization/v4.0_4.0.0.0__b77a5c561934e089/System.Runtime.Serialization.dll
    file:///C:/Users/Yasunori/JavaProjects/FitNesse/dotNet/Mono.Security.DLL
    file:///C:/Users/Yasunori/JavaProjects/FitNesse/dotNet/Npgsql.DLL
    file:///C:/Users/Yasunori/JavaProjects/FitNesse/dotNet/Npgsql.EntityFramework.DLL
    file:///C:/Users/Yasunori/JavaProjects/FitNesse/dotNet/Npgsql.EntityFrameworkLegacy.DLL

   at fitSharp.Machine.Engine.ReflectionMember.Invoke(Object[] parameters)
   at fitSharp.Machine.Engine.ProcessorBase`2.Operate[O](Object[] parameters)
   at fitSharp.Fit.Operators.ParseInterpreter.MakeInterpreter(Cell classCell)
   at fitSharp.Fit.Operators.ParseInterpreter.Parse(Type type, TypedValue instance, Tree`1 parameters)
   at fitSharp.Machine.Engine.ProcessorBase`2.&lt;&gt;c__DisplayClass11.&lt;&gt;c__DisplayClass13.&lt;Parse&gt;b__10(ParseOperator`1 o)
   at fitSharp.Machine.Engine.Operators`2.Do[O](CanDoOperation`1 canDoOperation, DoOperation`1 doOperation)
   at fitSharp.Machine.Engine.ProcessorBase`2.&lt;&gt;c__DisplayClass11.&lt;Parse&gt;b__e(OperationLogging logging)
   at fitSharp.Machine.Engine.ProcessorBase`2.DoLoggedOperation[R](String startMessage, Func`2 operation)
   at fitSharp.Fit.Service.CellProcessorBase.Parse(Type type, TypedValue instance, Tree`1 parameters)
   at fitSharp.Machine.Engine.ProcessorExtension.ParseTree[T](Processor`1 processor, Type type, Tree`1 parameters)
   at fitSharp.Machine.Engine.ProcessorExtension.ParseTree[T,V](Processor`1 processor, Tree`1 input)
   at fitSharp.Fit.Operators.InterpretFlow.ProcessFlowRow(Tree`1 table, Int32 rowNumber)&lt;/div&gt;&lt;/pre&gt;&lt;/td&gt;
		&lt;td&gt;select 'test' as x&lt;/td&gt;
	&lt;/tr&gt;
	&lt;tr&gt;
		&lt;td colspan="2"&gt;x&lt;/td&gt;
	&lt;/tr&gt;
	&lt;tr&gt;
		&lt;td colspan="2"&gt;test&lt;/td&gt;
	&lt;/tr&gt;
&lt;/table&gt;
&lt;br/&gt;&lt;table&gt;
	&lt;tr&gt;
		&lt;td class="error"&gt;Query&lt;hr /&gt;&lt;pre&gt;&lt;div class="fit_stacktrace"&gt;fitSharp.Machine.Exception.TypeMissingException: Type 'Query' not found in assemblies:
    file:///C:/Windows/Microsoft.NET/Framework64/v4.0.30319/mscorlib.dll
    file:///C:/Users/Yasunori/JavaProjects/FitNesse/dotNet/Runner.exe
    file:///C:/Users/Yasunori/JavaProjects/FitNesse/dotNet/fitSharp.DLL
    file:///C:/WINDOWS/Microsoft.Net/assembly/GAC_MSIL/System.Xml/v4.0_4.0.0.0__b77a5c561934e089/System.Xml.dll
    file:///C:/WINDOWS/Microsoft.Net/assembly/GAC_MSIL/System/v4.0_4.0.0.0__b77a5c561934e089/System.dll
    file:///C:/WINDOWS/Microsoft.Net/assembly/GAC_MSIL/System.Core/v4.0_4.0.0.0__b77a5c561934e089/System.Core.dll
    file:///C:/WINDOWS/Microsoft.Net/assembly/GAC_MSIL/System.Configuration/v4.0_4.0.0.0__b03f5f7f11d50a3a/System.Configuration.dll
    file:///C:/Users/Yasunori/JavaProjects/FitNesse/dotNet/fit.DLL
    file:///C:/Users/Yasunori/JavaProjects/FitNesse/dotNet/dbfit.DLL
    file:///C:/WINDOWS/Microsoft.Net/assembly/GAC_64/System.Data/v4.0_4.0.0.0__b77a5c561934e089/System.Data.dll
    file:///C:/Users/Yasunori/Documents/Visual Studio 2013/Projects/PPTesting/PPTesting/bin/Debug/PPTesting.dll
    file:///C:/Users/Yasunori/JavaProjects/FitNesse/dotNet/dbfit.MySql.DLL
    file:///C:/Users/Yasunori/JavaProjects/FitNesse/dotNet/dbfit.Oracle.DLL
    file:///C:/Users/Yasunori/JavaProjects/FitNesse/dotNet/dbfit.PostgreSql.DLL
    file:///C:/Users/Yasunori/JavaProjects/FitNesse/dotNet/dbfit.SqlServer.DLL
    file:///C:/Users/Yasunori/JavaProjects/FitNesse/dotNet/dbfit.Sybase.DLL
    file:///C:/Users/Yasunori/JavaProjects/FitNesse/dotNet/EntityFramework.DLL
    file:///C:/WINDOWS/Microsoft.Net/assembly/GAC_MSIL/System.ComponentModel.DataAnnotations/v4.0_4.0.0.0__31bf3856ad364e35/System.ComponentModel.DataAnnotations.dll
    file:///C:/WINDOWS/Microsoft.Net/assembly/GAC_64/System.Transactions/v4.0_4.0.0.0__b77a5c561934e089/System.Transactions.dll
    file:///C:/WINDOWS/Microsoft.Net/assembly/GAC_MSIL/System.Runtime.Serialization/v4.0_4.0.0.0__b77a5c561934e089/System.Runtime.Serialization.dll
    file:///C:/Users/Yasunori/JavaProjects/FitNesse/dotNet/Mono.Security.DLL
    file:///C:/Users/Yasunori/JavaProjects/FitNesse/dotNet/Npgsql.DLL
    file:///C:/Users/Yasunori/JavaProjects/FitNesse/dotNet/Npgsql.EntityFramework.DLL
    file:///C:/Users/Yasunori/JavaProjects/FitNesse/dotNet/Npgsql.EntityFrameworkLegacy.DLL

   at fitSharp.Machine.Engine.ReflectionMember.Invoke(Object[] parameters)
   at fitSharp.Machine.Engine.ProcessorBase`2.Operate[O](Object[] parameters)
   at fitSharp.Fit.Operators.ParseInterpreter.MakeInterpreter(Cell classCell)
   at fitSharp.Fit.Operators.ParseInterpreter.Parse(Type type, TypedValue instance, Tree`1 parameters)
   at fitSharp.Machine.Engine.ProcessorBase`2.&lt;&gt;c__DisplayClass11.&lt;&gt;c__DisplayClass13.&lt;Parse&gt;b__10(ParseOperator`1 o)
   at fitSharp.Machine.Engine.Operators`2.Do[O](CanDoOperation`1 canDoOperation, DoOperation`1 doOperation)
   at fitSharp.Machine.Engine.ProcessorBase`2.&lt;&gt;c__DisplayClass11.&lt;Parse&gt;b__e(OperationLogging logging)
   at fitSharp.Machine.Engine.ProcessorBase`2.DoLoggedOperation[R](String startMessage, Func`2 operation)
   at fitSharp.Fit.Service.CellProcessorBase.Parse(Type type, TypedValue instance, Tree`1 parameters)
   at fitSharp.Machine.Engine.ProcessorExtension.ParseTree[T](Processor`1 processor, Type type, Tree`1 parameters)
   at fitSharp.Machine.Engine.ProcessorExtension.ParseTree[T,V](Processor`1 processor, Tree`1 input)
   at fitSharp.Fit.Operators.InterpretFlow.ProcessFlowRow(Tree`1 table, Int32 rowNumber)&lt;/div&gt;&lt;/pre&gt;&lt;/td&gt;
		&lt;td&gt;select first_name, last_name from app_user&lt;/td&gt;
	&lt;/tr&gt;
	&lt;tr&gt;
		&lt;td&gt;first_name&lt;/td&gt;
		&lt;td&gt;last_name&lt;/td&gt;
	&lt;/tr&gt;
	&lt;tr&gt;
		&lt;td&gt;Yas&lt;/td&gt;
		&lt;td&gt;Ikeda&lt;/td&gt;
	&lt;/tr&gt;
&lt;/table&gt;
</content>
    <relativePageName>HelloWorld</relativePageName>
          </result>
    <executionLog>
    <testSystem>fit:C:\Users\Yasunori\JavaProjects\FitNesse\dotNet\Runner.exe</testSystem>
    <command>C:\Users\Yasunori\JavaProjects\FitNesse\dotNet\Runner.exe -c test.config.xml C:\Users\Yasunori\JavaProjects\FitNesse\dotNet\dbfit.dll;C:\Users\Yasunori\JavaProjects\FitNesse\dotNet\dbfit.mysql.dll;C:\Users\Yasunori\JavaProjects\FitNesse\dotNet\dbfit.oracle.dll;C:\Users\Yasunori\JavaProjects\FitNesse\dotNet\dbfit.PostgreSql.dll;C:\Users\Yasunori\JavaProjects\FitNesse\dotNet\dbfit.sqlserver.dll;C:\Users\Yasunori\JavaProjects\FitNesse\dotNet\dbfit.sybase.dll;C:\Users\Yasunori\JavaProjects\FitNesse\dotNet\EntityFramework.dll;C:\Users\Yasunori\JavaProjects\FitNesse\dotNet\fit.dll;C:\Users\Yasunori\JavaProjects\FitNesse\dotNet\fitSharp.dll;C:\Users\Yasunori\JavaProjects\FitNesse\dotNet\Mono.Security.dll;C:\Users\Yasunori\JavaProjects\FitNesse\dotNet\Npgsql.dll;C:\Users\Yasunori\JavaProjects\FitNesse\dotNet\Npgsql.EntityFramework.dll;C:\Users\Yasunori\JavaProjects\FitNesse\dotNet\Npgsql.EntityFrameworkLegacy.dll asus2 50785 3863</command>
    <exitCode>4</exitCode>
    <stdOut></stdOut>    <stdErr></stdErr>  </executionLog>
  <finalCounts>
    <right>0</right>
    <wrong>0</wrong>
    <ignores>0</ignores>
    <exceptions>1</exceptions>
  </finalCounts>
  <totalRunTimeInMillis>916</totalRunTimeInMillis>
</testResults>

