<?xml version="1.0"?>
<testResults>
  <FitNesseVersion>v20150226</FitNesseVersion>
  <rootPath>FrontPage.SampleTests.HelloWorld</rootPath>
    <executionLog>
    <testSystem>fit:C:\Users\Yasunori\JavaProjects\FitNesse\dotNet\Runner.exe</testSystem>
    <command>C:\Users\Yasunori\JavaProjects\FitNesse\dotNet\Runner.exe -c test.config.xml "C:\Users\Yasunori\Documents\Visual Studio 2013\Projects\PPTesting\PPTesting\dotNet\dbfit.dll;C:\Users\Yasunori\Documents\Visual Studio 2013\Projects\PPTesting\PPTesting\dotNet\dbfit.PostgreSql.dll;C:\Users\Yasunori\Documents\Visual Studio 2013\Projects\PPTesting\PPTesting\dotNet\EntityFramework.dll;C:\Users\Yasunori\Documents\Visual Studio 2013\Projects\PPTesting\PPTesting\dotNet\fit.dll;C:\Users\Yasunori\Documents\Visual Studio 2013\Projects\PPTesting\PPTesting\dotNet\fitSharp.dll;C:\Users\Yasunori\Documents\Visual Studio 2013\Projects\PPTesting\PPTesting\dotNet\Mono.Security.dll;C:\Users\Yasunori\Documents\Visual Studio 2013\Projects\PPTesting\PPTesting\dotNet\Npgsql.dll;C:\Users\Yasunori\Documents\Visual Studio 2013\Projects\PPTesting\PPTesting\dotNet\Npgsql.EntityFramework.dll" asus2 59036 3863</command>
    <exitCode>1</exitCode>
    <stdOut>Missing runner class

Usage:
	Runner -r runnerClass [ -a appConfigFile ][ -c runnerConfigFile ] ...
</stdOut>    <stdErr></stdErr>    <exception>FitClient: external process terminated before a connection could be established.</exception>
    <exception>FitClient: external process terminated before a connection could be established.</exception>
    <exception>FitClient was killed</exception>
  </executionLog>
  <finalCounts>
    <right>0</right>
    <wrong>0</wrong>
    <ignores>0</ignores>
    <exceptions>0</exceptions>
  </finalCounts>
  <totalRunTimeInMillis>1187</totalRunTimeInMillis>
</testResults>

