<?xml version="1.0"?>
<testResults>
  <FitNesseVersion>v20150226</FitNesseVersion>
  <rootPath>FrontPage.SampleTests.HelloWorld</rootPath>
    <result>
    <counts>
      <right>3</right>
      <wrong>0</wrong>
      <ignores>0</ignores>
      <exceptions>0</exceptions>
    </counts>
    <runTimeInMillis>6</runTimeInMillis>
    <content>&lt;br/&gt;&amp;lt;test page&amp;gt;&lt;br/&gt;&lt;span class="meta"&gt;classpath: dotNet\*.dll&lt;/span&gt;&lt;br/&gt;&lt;br/&gt;&lt;table&gt;
	&lt;tr&gt;
		&lt;td&gt;dbfit.PostgreSqlTest&lt;/td&gt;
	&lt;/tr&gt;
&lt;/table&gt;
&lt;br/&gt;&lt;table&gt;
	&lt;tr&gt;
		&lt;td&gt;Connect&lt;/td&gt;
		&lt;td&gt;127.0.0.1:5432&lt;/td&gt;
		&lt;td&gt;Yasunori&lt;/td&gt;
		&lt;td&gt;maido2134&lt;/td&gt;
		&lt;td&gt;projectpanel&lt;/td&gt;
	&lt;/tr&gt;
&lt;/table&gt;
&lt;br/&gt;&lt;table&gt;
	&lt;tr&gt;
		&lt;td&gt;Query&lt;/td&gt;
		&lt;td&gt;select 'test' as x&lt;/td&gt;
	&lt;/tr&gt;
	&lt;tr&gt;
		&lt;td colspan="2"&gt;x&lt;/td&gt;
	&lt;/tr&gt;
	&lt;tr&gt;
		&lt;td class="pass" colspan="2"&gt;test&lt;/td&gt;
	&lt;/tr&gt;
&lt;/table&gt;
&lt;br/&gt;&lt;table&gt;
	&lt;tr&gt;
		&lt;td&gt;Query&lt;/td&gt;
		&lt;td&gt;select first_name, last_name from app_user&lt;/td&gt;
	&lt;/tr&gt;
	&lt;tr&gt;
		&lt;td&gt;first_name&lt;/td&gt;
		&lt;td&gt;last_name&lt;/td&gt;
	&lt;/tr&gt;
	&lt;tr&gt;
		&lt;td class="pass"&gt;Yas&lt;/td&gt;
		&lt;td class="pass"&gt;Ikeda&lt;/td&gt;
	&lt;/tr&gt;
&lt;/table&gt;
</content>
    <relativePageName>HelloWorld</relativePageName>
          </result>
    <executionLog>
    <testSystem>fit:C:\Users\Yasunori\JavaProjects\FitNesse\dotNet\Runner.exe</testSystem>
    <command>C:\Users\Yasunori\JavaProjects\FitNesse\dotNet\Runner.exe -c test.config.xml C:\Users\Yasunori\JavaProjects\FitNesse\dotNet\dbfit.dll;C:\Users\Yasunori\JavaProjects\FitNesse\dotNet\dbfit.PostgreSql.dll;C:\Users\Yasunori\JavaProjects\FitNesse\dotNet\EntityFramework.dll;C:\Users\Yasunori\JavaProjects\FitNesse\dotNet\fit.dll;C:\Users\Yasunori\JavaProjects\FitNesse\dotNet\fitSharp.dll;C:\Users\Yasunori\JavaProjects\FitNesse\dotNet\Mono.Security.dll;C:\Users\Yasunori\JavaProjects\FitNesse\dotNet\Npgsql.dll;C:\Users\Yasunori\JavaProjects\FitNesse\dotNet\Npgsql.EntityFramework.dll asus2 50269 3863</command>
    <exitCode>0</exitCode>
    <stdOut></stdOut>    <stdErr></stdErr>  </executionLog>
  <finalCounts>
    <right>1</right>
    <wrong>0</wrong>
    <ignores>0</ignores>
    <exceptions>0</exceptions>
  </finalCounts>
  <totalRunTimeInMillis>2314</totalRunTimeInMillis>
</testResults>

