<?xml version="1.0"?>
<testResults>
  <FitNesseVersion>v20150226</FitNesseVersion>
  <rootPath>FrontPage.SampleTests.HelloWorld</rootPath>
    <executionLog>
    <testSystem>fit:C:\Users\Yasunori\JavaProjects\FitNesse\dotNet\Runner.exe</testSystem>
    <command>C:\Users\Yasunori\JavaProjects\FitNesse\dotNet\Runner.exe -c test.config.xml C:\Users\Yasunori\JavaProjects\FitNesse\dotNet\dbfit.dll;C:\Users\Yasunori\JavaProjects\FitNesse\dotNet\dbfit.PostgreSql.dll;C:\Users\Yasunori\JavaProjects\FitNesse\dotNet\EntityFramework.dll;C:\Users\Yasunori\JavaProjects\FitNesse\dotNet\EntityFramework.SqlServer.dll;C:\Users\Yasunori\JavaProjects\FitNesse\dotNet\fit.dll;C:\Users\Yasunori\JavaProjects\FitNesse\dotNet\fitSharp.dll;C:\Users\Yasunori\JavaProjects\FitNesse\dotNet\Mono.Security.dll;C:\Users\Yasunori\JavaProjects\FitNesse\dotNet\Npgsql.dll;C:\Users\Yasunori\JavaProjects\FitNesse\dotNet\Npgsql.EntityFramework.dll asus2 50119 3863</command>
    <exitCode>255</exitCode>
    <stdOut></stdOut>    <stdErr>
Unhandled Exception: System.MissingMethodException: Method not found: 'Int32 fitSharp.Machine.Application.Shell.Run(System.Collections.Generic.IList`1&lt;System.String&gt;)'.
   at fitSharp.Runner.Program.Main(String[] arguments)
</stdErr>    <exception>FitClient: external process terminated before a connection could be established.</exception>
    <exception>FitClient: external process terminated before a connection could be established.</exception>
    <exception>FitClient was killed</exception>
  </executionLog>
  <finalCounts>
    <right>0</right>
    <wrong>0</wrong>
    <ignores>0</ignores>
    <exceptions>0</exceptions>
  </finalCounts>
  <totalRunTimeInMillis>4817</totalRunTimeInMillis>
</testResults>

