<?xml version="1.0"?>
<testResults>
  <FitNesseVersion>v20150226</FitNesseVersion>
  <rootPath>FrontPage.SampleTests.HelloWorld</rootPath>
    <result>
    <counts>
      <right>0</right>
      <wrong>0</wrong>
      <ignores>0</ignores>
      <exceptions>3</exceptions>
    </counts>
    <runTimeInMillis>52</runTimeInMillis>
    <content>&lt;br/&gt;&amp;lt;test page&amp;gt;&lt;br/&gt;&lt;span class="meta"&gt;classpath: dotNet\*.dll&lt;/span&gt;&lt;br/&gt;&lt;br/&gt;&lt;table&gt;
	&lt;tr&gt;
		&lt;td&gt;dbfit.PostgreSqlTest&lt;/td&gt;
	&lt;/tr&gt;
&lt;/table&gt;
&lt;br/&gt;&lt;table&gt;
	&lt;tr&gt;
		&lt;td class="error"&gt;Connect&lt;hr /&gt;&lt;pre&gt;&lt;div class="fit_stacktrace"&gt;System.Reflection.TargetInvocationException: Exception has been thrown by the target of an invocation. ---&gt; Npgsql.NpgsqlException: Failed to establish a connection to '127.0.0.1'. ---&gt; System.Net.Sockets.SocketException: No connection could be made because the target machine actively refused it 127.0.0.1:5432
   at Npgsql.NpgsqlClosedState.Open(NpgsqlConnector context, Int32 timeout)
   --- End of inner exception stack trace ---
   at Npgsql.NpgsqlClosedState.Open(NpgsqlConnector context, Int32 timeout)
   at Npgsql.NpgsqlConnector.Open()
   at Npgsql.NpgsqlConnectorPool.GetPooledConnector(NpgsqlConnection Connection)
   at Npgsql.NpgsqlConnectorPool.RequestPooledConnectorInternal(NpgsqlConnection Connection)
   at Npgsql.NpgsqlConnectorPool.RequestConnector(NpgsqlConnection Connection)
   at Npgsql.NpgsqlConnection.Open()
   at dbfit.AbstractDbEnvironment.Connect(String connectionString) in c:\Users\Yasunori\Documents\Visual Studio 2013\Projects\fitsharp\source\dbfit\environment\AbstractDbEnvironment.cs:line 67
   at dbfit.AbstractDbEnvironment.Connect(String dataSource, String username, String password, String database) in c:\Users\Yasunori\Documents\Visual Studio 2013\Projects\fitsharp\source\dbfit\environment\AbstractDbEnvironment.cs:line 57
   at dbfit.DatabaseTest.Connect(String dataSource, String username, String password, String database) in c:\Users\Yasunori\Documents\Visual Studio 2013\Projects\fitsharp\source\dbfit\fixture\DatabaseTest.cs:line 34
   --- End of inner exception stack trace ---
   at System.RuntimeMethodHandle.InvokeMethod(Object target, Object[] arguments, Signature sig, Boolean constructor)
   at System.Reflection.RuntimeMethodInfo.UnsafeInvokeInternal(Object obj, Object[] parameters, Object[] arguments)
   at System.Reflection.RuntimeMethodInfo.Invoke(Object obj, BindingFlags invokeAttr, Binder binder, Object[] parameters, CultureInfo culture)
   at System.RuntimeType.InvokeMember(String name, BindingFlags bindingFlags, Binder binder, Object target, Object[] providedArgs, ParameterModifier[] modifiers, CultureInfo culture, String[] namedParams)
   at System.Type.InvokeMember(String name, BindingFlags invokeAttr, Binder binder, Object target, Object[] args)
   at fitSharp.Machine.Engine.MethodMember.Invoke(Object[] parameters)
   at fitSharp.Machine.Engine.DefaultRuntime`2.Invoke(TypedValue instance, String memberName, Tree`1 parameters)
   at fitSharp.Machine.Engine.ProcessorBase`2.&lt;&gt;c__DisplayClass26.&lt;&gt;c__DisplayClass28.&lt;Invoke&gt;b__25(RuntimeOperator`1 o)
   at fitSharp.Machine.Engine.Operators`2.Do[O](CanDoOperation`1 canDoOperation, DoOperation`1 doOperation)
   at fitSharp.Machine.Engine.ProcessorBase`2.&lt;&gt;c__DisplayClass26.&lt;Invoke&gt;b__23(OperationLogging logging)
   at fitSharp.Machine.Engine.ProcessorBase`2.DoLoggedOperation[R](String startMessage, Func`2 operation)
   at fitSharp.Machine.Engine.ProcessorBase`2.Invoke(TypedValue instance, String memberName, Tree`1 parameters)
   at fitSharp.Fit.Operators.ExecuteDefault.Invoke(ExecuteContext context, ExecuteParameters parameters)
   at fitSharp.Fit.Operators.ExecuteDefault.Execute(ExecuteContext context, ExecuteParameters parameters)
   at fitSharp.Fit.Operators.ExecuteBase.Execute(TypedValue instance, Tree`1 parameters)
   at fitSharp.Machine.Engine.ProcessorBase`2.&lt;&gt;c__DisplayClass11.&lt;&gt;c__DisplayClass13.&lt;Execute&gt;b__10(ExecuteOperator`1 o)
   at fitSharp.Machine.Engine.Operators`2.Do[O](CanDoOperation`1 canDoOperation, DoOperation`1 doOperation)
   at fitSharp.Machine.Engine.ProcessorBase`2.&lt;&gt;c__DisplayClass11.&lt;Execute&gt;b__e(OperationLogging logging)
   at fitSharp.Machine.Engine.ProcessorBase`2.DoLoggedOperation[R](String startMessage, Func`2 operation)
   at fitSharp.Machine.Engine.ProcessorBase`2.Execute(TypedValue instance, Tree`1 parameters)
   at fitSharp.Fit.Service.CellOperationImpl.TryInvoke(Object target, Tree`1 memberName, Tree`1 parameters, Tree`1 targetCell)
   at fitlibrary.FlowFixtureBase.ProcessFlowRow(Parse theCurrentRow)&lt;/div&gt;&lt;/pre&gt;&lt;/td&gt;
		&lt;td&gt;127.0.0.1:5432&lt;/td&gt;
		&lt;td&gt;Yasunori&lt;/td&gt;
		&lt;td&gt;maido2134&lt;/td&gt;
		&lt;td&gt;projectpanel&lt;/td&gt;
	&lt;/tr&gt;
&lt;/table&gt;
&lt;br/&gt;&lt;table&gt;
	&lt;tr&gt;
		&lt;td class="error"&gt;Query&lt;hr /&gt;&lt;pre&gt;&lt;div class="fit_stacktrace"&gt;System.Reflection.TargetInvocationException: Exception has been thrown by the target of an invocation. ---&gt; Npgsql.NpgsqlException: Failed to establish a connection to '127.0.0.1'. ---&gt; System.Net.Sockets.SocketException: No connection could be made because the target machine actively refused it 127.0.0.1:5432
   at Npgsql.NpgsqlClosedState.Open(NpgsqlConnector context, Int32 timeout)
   --- End of inner exception stack trace ---
   at Npgsql.NpgsqlClosedState.Open(NpgsqlConnector context, Int32 timeout)
   at Npgsql.NpgsqlConnector.Open()
   at Npgsql.NpgsqlConnectorPool.GetPooledConnector(NpgsqlConnection Connection)
   at Npgsql.NpgsqlConnectorPool.RequestPooledConnectorInternal(NpgsqlConnection Connection)
   at Npgsql.NpgsqlConnectorPool.RequestConnector(NpgsqlConnection Connection)
   at Npgsql.NpgsqlConnection.Open()
   at System.Data.Common.DbDataAdapter.FillInternal(DataSet dataset, DataTable[] datatables, Int32 startRecord, Int32 maxRecords, String srcTable, IDbCommand command, CommandBehavior behavior)
   at System.Data.Common.DbDataAdapter.Fill(DataSet dataSet, Int32 startRecord, Int32 maxRecords, String srcTable, IDbCommand command, CommandBehavior behavior)
   at System.Data.Common.DbDataAdapter.Fill(DataSet dataSet)
   at dbfit.fixture.Query.GetDataTable(String query, IDbEnvironment environment, Int32 rsNo) in c:\Users\Yasunori\Documents\Visual Studio 2013\Projects\fitsharp\source\dbfit\fixture\Query.cs:line 57
   at dbfit.fixture.Query.GetDataTable(String query, IDbEnvironment environment) in c:\Users\Yasunori\Documents\Visual Studio 2013\Projects\fitsharp\source\dbfit\fixture\Query.cs:line 64
   at dbfit.fixture.Query..ctor(IDbEnvironment environment, String query, Boolean isOrdered) in c:\Users\Yasunori\Documents\Visual Studio 2013\Projects\fitsharp\source\dbfit\fixture\Query.cs:line 26
   at dbfit.DatabaseTest.Query(String query) in c:\Users\Yasunori\Documents\Visual Studio 2013\Projects\fitsharp\source\dbfit\fixture\DatabaseTest.cs:line 68
   --- End of inner exception stack trace ---
   at System.RuntimeMethodHandle.InvokeMethod(Object target, Object[] arguments, Signature sig, Boolean constructor)
   at System.Reflection.RuntimeMethodInfo.UnsafeInvokeInternal(Object obj, Object[] parameters, Object[] arguments)
   at System.Reflection.RuntimeMethodInfo.Invoke(Object obj, BindingFlags invokeAttr, Binder binder, Object[] parameters, CultureInfo culture)
   at System.RuntimeType.InvokeMember(String name, BindingFlags bindingFlags, Binder binder, Object target, Object[] providedArgs, ParameterModifier[] modifiers, CultureInfo culture, String[] namedParams)
   at System.Type.InvokeMember(String name, BindingFlags invokeAttr, Binder binder, Object target, Object[] args)
   at fitSharp.Machine.Engine.MethodMember.Invoke(Object[] parameters)
   at fitSharp.Machine.Engine.DefaultRuntime`2.Invoke(TypedValue instance, String memberName, Tree`1 parameters)
   at fitSharp.Machine.Engine.ProcessorBase`2.&lt;&gt;c__DisplayClass26.&lt;&gt;c__DisplayClass28.&lt;Invoke&gt;b__25(RuntimeOperator`1 o)
   at fitSharp.Machine.Engine.Operators`2.Do[O](CanDoOperation`1 canDoOperation, DoOperation`1 doOperation)
   at fitSharp.Machine.Engine.ProcessorBase`2.&lt;&gt;c__DisplayClass26.&lt;Invoke&gt;b__23(OperationLogging logging)
   at fitSharp.Machine.Engine.ProcessorBase`2.DoLoggedOperation[R](String startMessage, Func`2 operation)
   at fitSharp.Machine.Engine.ProcessorBase`2.Invoke(TypedValue instance, String memberName, Tree`1 parameters)
   at fitSharp.Fit.Operators.ExecuteDefault.Invoke(ExecuteContext context, ExecuteParameters parameters)
   at fitSharp.Fit.Operators.ExecuteDefault.Execute(ExecuteContext context, ExecuteParameters parameters)
   at fitSharp.Fit.Operators.ExecuteBase.Execute(TypedValue instance, Tree`1 parameters)
   at fitSharp.Machine.Engine.ProcessorBase`2.&lt;&gt;c__DisplayClass11.&lt;&gt;c__DisplayClass13.&lt;Execute&gt;b__10(ExecuteOperator`1 o)
   at fitSharp.Machine.Engine.Operators`2.Do[O](CanDoOperation`1 canDoOperation, DoOperation`1 doOperation)
   at fitSharp.Machine.Engine.ProcessorBase`2.&lt;&gt;c__DisplayClass11.&lt;Execute&gt;b__e(OperationLogging logging)
   at fitSharp.Machine.Engine.ProcessorBase`2.DoLoggedOperation[R](String startMessage, Func`2 operation)
   at fitSharp.Machine.Engine.ProcessorBase`2.Execute(TypedValue instance, Tree`1 parameters)
   at fitSharp.Fit.Service.CellOperationImpl.TryInvoke(Object target, Tree`1 memberName, Tree`1 parameters, Tree`1 targetCell)
   at fitlibrary.FlowFixtureBase.ProcessFlowRow(Parse theCurrentRow)&lt;/div&gt;&lt;/pre&gt;&lt;/td&gt;
		&lt;td&gt;select 'test' as x&lt;/td&gt;
	&lt;/tr&gt;
	&lt;tr&gt;
		&lt;td colspan="2"&gt;x&lt;/td&gt;
	&lt;/tr&gt;
	&lt;tr&gt;
		&lt;td colspan="2"&gt;test&lt;/td&gt;
	&lt;/tr&gt;
&lt;/table&gt;
&lt;br/&gt;&lt;table&gt;
	&lt;tr&gt;
		&lt;td class="error"&gt;Query&lt;hr /&gt;&lt;pre&gt;&lt;div class="fit_stacktrace"&gt;System.Reflection.TargetInvocationException: Exception has been thrown by the target of an invocation. ---&gt; Npgsql.NpgsqlException: Failed to establish a connection to '127.0.0.1'. ---&gt; System.Net.Sockets.SocketException: No connection could be made because the target machine actively refused it 127.0.0.1:5432
   at Npgsql.NpgsqlClosedState.Open(NpgsqlConnector context, Int32 timeout)
   --- End of inner exception stack trace ---
   at Npgsql.NpgsqlClosedState.Open(NpgsqlConnector context, Int32 timeout)
   at Npgsql.NpgsqlConnector.Open()
   at Npgsql.NpgsqlConnectorPool.GetPooledConnector(NpgsqlConnection Connection)
   at Npgsql.NpgsqlConnectorPool.RequestPooledConnectorInternal(NpgsqlConnection Connection)
   at Npgsql.NpgsqlConnectorPool.RequestConnector(NpgsqlConnection Connection)
   at Npgsql.NpgsqlConnection.Open()
   at System.Data.Common.DbDataAdapter.FillInternal(DataSet dataset, DataTable[] datatables, Int32 startRecord, Int32 maxRecords, String srcTable, IDbCommand command, CommandBehavior behavior)
   at System.Data.Common.DbDataAdapter.Fill(DataSet dataSet, Int32 startRecord, Int32 maxRecords, String srcTable, IDbCommand command, CommandBehavior behavior)
   at System.Data.Common.DbDataAdapter.Fill(DataSet dataSet)
   at dbfit.fixture.Query.GetDataTable(String query, IDbEnvironment environment, Int32 rsNo) in c:\Users\Yasunori\Documents\Visual Studio 2013\Projects\fitsharp\source\dbfit\fixture\Query.cs:line 57
   at dbfit.fixture.Query.GetDataTable(String query, IDbEnvironment environment) in c:\Users\Yasunori\Documents\Visual Studio 2013\Projects\fitsharp\source\dbfit\fixture\Query.cs:line 64
   at dbfit.fixture.Query..ctor(IDbEnvironment environment, String query, Boolean isOrdered) in c:\Users\Yasunori\Documents\Visual Studio 2013\Projects\fitsharp\source\dbfit\fixture\Query.cs:line 26
   at dbfit.DatabaseTest.Query(String query) in c:\Users\Yasunori\Documents\Visual Studio 2013\Projects\fitsharp\source\dbfit\fixture\DatabaseTest.cs:line 68
   --- End of inner exception stack trace ---
   at System.RuntimeMethodHandle.InvokeMethod(Object target, Object[] arguments, Signature sig, Boolean constructor)
   at System.Reflection.RuntimeMethodInfo.UnsafeInvokeInternal(Object obj, Object[] parameters, Object[] arguments)
   at System.Reflection.RuntimeMethodInfo.Invoke(Object obj, BindingFlags invokeAttr, Binder binder, Object[] parameters, CultureInfo culture)
   at System.RuntimeType.InvokeMember(String name, BindingFlags bindingFlags, Binder binder, Object target, Object[] providedArgs, ParameterModifier[] modifiers, CultureInfo culture, String[] namedParams)
   at System.Type.InvokeMember(String name, BindingFlags invokeAttr, Binder binder, Object target, Object[] args)
   at fitSharp.Machine.Engine.MethodMember.Invoke(Object[] parameters)
   at fitSharp.Machine.Engine.DefaultRuntime`2.Invoke(TypedValue instance, String memberName, Tree`1 parameters)
   at fitSharp.Machine.Engine.ProcessorBase`2.&lt;&gt;c__DisplayClass26.&lt;&gt;c__DisplayClass28.&lt;Invoke&gt;b__25(RuntimeOperator`1 o)
   at fitSharp.Machine.Engine.Operators`2.Do[O](CanDoOperation`1 canDoOperation, DoOperation`1 doOperation)
   at fitSharp.Machine.Engine.ProcessorBase`2.&lt;&gt;c__DisplayClass26.&lt;Invoke&gt;b__23(OperationLogging logging)
   at fitSharp.Machine.Engine.ProcessorBase`2.DoLoggedOperation[R](String startMessage, Func`2 operation)
   at fitSharp.Machine.Engine.ProcessorBase`2.Invoke(TypedValue instance, String memberName, Tree`1 parameters)
   at fitSharp.Fit.Operators.ExecuteDefault.Invoke(ExecuteContext context, ExecuteParameters parameters)
   at fitSharp.Fit.Operators.ExecuteDefault.Execute(ExecuteContext context, ExecuteParameters parameters)
   at fitSharp.Fit.Operators.ExecuteBase.Execute(TypedValue instance, Tree`1 parameters)
   at fitSharp.Machine.Engine.ProcessorBase`2.&lt;&gt;c__DisplayClass11.&lt;&gt;c__DisplayClass13.&lt;Execute&gt;b__10(ExecuteOperator`1 o)
   at fitSharp.Machine.Engine.Operators`2.Do[O](CanDoOperation`1 canDoOperation, DoOperation`1 doOperation)
   at fitSharp.Machine.Engine.ProcessorBase`2.&lt;&gt;c__DisplayClass11.&lt;Execute&gt;b__e(OperationLogging logging)
   at fitSharp.Machine.Engine.ProcessorBase`2.DoLoggedOperation[R](String startMessage, Func`2 operation)
   at fitSharp.Machine.Engine.ProcessorBase`2.Execute(TypedValue instance, Tree`1 parameters)
   at fitSharp.Fit.Service.CellOperationImpl.TryInvoke(Object target, Tree`1 memberName, Tree`1 parameters, Tree`1 targetCell)
   at fitlibrary.FlowFixtureBase.ProcessFlowRow(Parse theCurrentRow)&lt;/div&gt;&lt;/pre&gt;&lt;/td&gt;
		&lt;td&gt;select first_name, last_name from app_user&lt;/td&gt;
	&lt;/tr&gt;
	&lt;tr&gt;
		&lt;td&gt;first_name&lt;/td&gt;
		&lt;td&gt;last_name&lt;/td&gt;
	&lt;/tr&gt;
	&lt;tr&gt;
		&lt;td&gt;Yas&lt;/td&gt;
		&lt;td&gt;Ikeda&lt;/td&gt;
	&lt;/tr&gt;
&lt;/table&gt;
</content>
    <relativePageName>HelloWorld</relativePageName>
          </result>
    <executionLog>
    <testSystem>fit:C:\Users\Yasunori\JavaProjects\FitNesse\dotNet\Runner.exe</testSystem>
    <command>C:\Users\Yasunori\JavaProjects\FitNesse\dotNet\Runner.exe -c test.config.xml C:\Users\Yasunori\JavaProjects\FitNesse\dotNet\dbfit.dll;C:\Users\Yasunori\JavaProjects\FitNesse\dotNet\dbfit.PostgreSql.dll;C:\Users\Yasunori\JavaProjects\FitNesse\dotNet\EntityFramework.dll;C:\Users\Yasunori\JavaProjects\FitNesse\dotNet\fit.dll;C:\Users\Yasunori\JavaProjects\FitNesse\dotNet\fitSharp.dll;C:\Users\Yasunori\JavaProjects\FitNesse\dotNet\Mono.Security.dll;C:\Users\Yasunori\JavaProjects\FitNesse\dotNet\Npgsql.dll;C:\Users\Yasunori\JavaProjects\FitNesse\dotNet\Npgsql.EntityFramework.dll asus2 50252 3863</command>
    <exitCode>3</exitCode>
    <stdOut></stdOut>    <stdErr></stdErr>  </executionLog>
  <finalCounts>
    <right>0</right>
    <wrong>0</wrong>
    <ignores>0</ignores>
    <exceptions>1</exceptions>
  </finalCounts>
  <totalRunTimeInMillis>6780</totalRunTimeInMillis>
</testResults>

