<?xml version="1.0"?>
<testResults>
  <FitNesseVersion>v20150226</FitNesseVersion>
  <rootPath>FrontPage.SampleTests.HelloWorld</rootPath>
    <executionLog>
    <testSystem>fit:C:\Users\Yasunori\JavaProjects\FitNesse\dotNet\Runner.exe</testSystem>
    <command>C:\Users\Yasunori\JavaProjects\FitNesse\dotNet\Runner.exe -c test.config.xml defaultPath asus2 52917 3863</command>
    <exitCode>1</exitCode>
    <stdOut>System.Reflection.TargetInvocationException: Exception has been thrown by the target of an invocation. ---&gt; System.ArgumentException: Invalid directory on URL.
   at System.Security.Util.DirectoryString.CreateSeparatedString(String directory)
   at System.Security.Util.DirectoryString..ctor(String directory, Boolean checkForIllegalChars)
   at System.Security.Util.URLString.ParseFileURL(String url)
   at System.Security.Util.URLString.GetFileName()
   at System.Reflection.RuntimeAssembly.InternalLoadAssemblyName(AssemblyName assemblyRef, Evidence assemblySecurity, RuntimeAssembly reqAssembly, StackCrawlMark&amp; stackMark, IntPtr pPrivHostBinder, Boolean throwOnFileNotFound, Boolean forIntrospection, Boolean suppressSecurityChecks)
   at System.Reflection.RuntimeAssembly.InternalLoadAssemblyName(AssemblyName assemblyRef, Evidence assemblySecurity, RuntimeAssembly reqAssembly, StackCrawlMark&amp; stackMark, Boolean throwOnFileNotFound, Boolean forIntrospection, Boolean suppressSecurityChecks)
   at System.Reflection.RuntimeAssembly.InternalLoadFrom(String assemblyFile, Evidence securityEvidence, Byte[] hashValue, AssemblyHashAlgorithm hashAlgorithm, Boolean forIntrospection, Boolean suppressSecurityChecks, StackCrawlMark&amp; stackMark)
   at System.Reflection.Assembly.LoadFrom(String assemblyFile)
   at fitSharp.Machine.Engine.CurrentDomain.LoadAssembly(String assemblyPath)
   at fitSharp.Machine.Engine.ApplicationUnderTest.Assemblies.AddAssembly(String assemblyName)
   --- End of inner exception stack trace ---
   at fitSharp.Machine.Engine.ProcessorExtension.InvokeWithThrow[T](Processor`1 processor, TypedValue instance, MemberName memberName, Tree`1 parameters)
   at fitSharp.Machine.Application.SuiteConfiguration.LoadNode(String typeName, XmlNode methodNode)
   at fitSharp.Machine.Application.SuiteConfiguration.LoadXml(String configurationXml)
   at fitSharp.Machine.Application.ArgumentParser.InvokeArgumentHandler(String switch, String argumentValue)
   at fitSharp.Machine.Application.ArgumentParser.Parse(IList`1 commandLineArguments)
   at fitSharp.Machine.Application.Shell.Run(IList`1 commandLineArguments)
</stdOut>    <stdErr></stdErr>    <exception>FitClient: external process terminated before a connection could be established.</exception>
    <exception>FitClient: external process terminated before a connection could be established.</exception>
    <exception>FitClient was killed</exception>
  </executionLog>
  <finalCounts>
    <right>0</right>
    <wrong>0</wrong>
    <ignores>0</ignores>
    <exceptions>0</exceptions>
  </finalCounts>
  <totalRunTimeInMillis>1107</totalRunTimeInMillis>
</testResults>

