<?xml version="1.0"?>
<testResults>
  <FitNesseVersion>v20150226</FitNesseVersion>
  <rootPath>FrontPage.SampleTests.HelloWorld</rootPath>
    <executionLog>
    <testSystem>fit:C:\Users\Yasunori\JavaProjects\FitNesse\dotNet\Runner.exe</testSystem>
    <command>C:\Users\Yasunori\JavaProjects\FitNesse\dotNet\Runner.exe -c test.config.xml C:\Users\Yasunori\JavaProjects\FitNesse\dotNet\dbfit.dll;C:\Users\Yasunori\JavaProjects\FitNesse\dotNet\dbfit.PostgreSql.dll;C:\Users\Yasunori\JavaProjects\FitNesse\dotNet\EntityFramework.dll;C:\Users\Yasunori\JavaProjects\FitNesse\dotNet\fit.dll;C:\Users\Yasunori\JavaProjects\FitNesse\dotNet\fitSharp.dll;C:\Users\Yasunori\JavaProjects\FitNesse\dotNet\Mono.Security.dll;C:\Users\Yasunori\JavaProjects\FitNesse\dotNet\Npgsql.dll;C:\Users\Yasunori\JavaProjects\FitNesse\dotNet\Npgsql.EntityFramework.dll asus2 49757 3863</command>
    <exitCode>1</exitCode>
    <stdOut>System.Reflection.TargetInvocationException: Exception has been thrown by the target of an invocation. ---&gt; System.TypeLoadException: Could not load type 'fitSharp.Machine.Engine.MemberQueryable' from assembly 'fitSharp, Version=2.2.4498.25493, Culture=neutral, PublicKeyToken=null'.
   at System.Reflection.RuntimeAssembly.GetExportedTypes(RuntimeAssembly assembly, ObjectHandleOnStack retTypes)
   at System.Reflection.RuntimeAssembly.GetExportedTypes()
   at fitSharp.Machine.Engine.CurrentDomain.LoadAssembly(String assemblyPath)
   at fitSharp.Machine.Engine.ApplicationUnderTest.Assemblies.AddAssembly(String assemblyName)
   --- End of inner exception stack trace ---
   at fitSharp.Machine.Engine.ProcessorExtension.InvokeWithThrow[T](Processor`1 processor, TypedValue instance, MemberName memberName, Tree`1 parameters)
   at fitSharp.Machine.Application.SuiteConfiguration.LoadNode(String typeName, XmlNode methodNode)
   at fitSharp.Machine.Application.SuiteConfiguration.LoadXml(String configurationXml)
   at fitSharp.Machine.Application.ArgumentParser.InvokeArgumentHandler(String switch, String argumentValue)
   at fitSharp.Machine.Application.ArgumentParser.Parse(IList`1 commandLineArguments)
   at fitSharp.Machine.Application.Shell.Run(IList`1 commandLineArguments)
</stdOut>    <stdErr></stdErr>    <exception>FitClient: external process terminated before a connection could be established.</exception>
    <exception>FitClient: external process terminated before a connection could be established.</exception>
    <exception>FitClient was killed</exception>
  </executionLog>
  <finalCounts>
    <right>0</right>
    <wrong>0</wrong>
    <ignores>0</ignores>
    <exceptions>0</exceptions>
  </finalCounts>
  <totalRunTimeInMillis>1113</totalRunTimeInMillis>
</testResults>

