<?xml version="1.0"?>
<testResults>
  <FitNesseVersion>v20150226</FitNesseVersion>
  <rootPath>FrontPage.SampleTests.HelloWorld</rootPath>
    <executionLog>
    <testSystem></testSystem>
    <command></command>
    <exitCode>0</exitCode>
    <stdOut></stdOut>    <stdErr></stdErr>    <exception>Cannot run program "dotNet\Runner.exe": CreateProcess error=2, The system cannot find the file specified</exception>
  </executionLog>
  <finalCounts>
    <right>0</right>
    <wrong>0</wrong>
    <ignores>0</ignores>
    <exceptions>0</exceptions>
  </finalCounts>
  <totalRunTimeInMillis>117</totalRunTimeInMillis>
</testResults>

