<?xml version="1.0"?>
<testResults>
  <FitNesseVersion>v20150226</FitNesseVersion>
  <rootPath>FrontPage.SampleTests.HelloWorld</rootPath>
    <executionLog>
    <testSystem>fit:C:\Users\Yasunori\JavaProjects\FitNesse\dotNet\Runner.exe</testSystem>
    <command>C:\Users\Yasunori\JavaProjects\FitNesse\dotNet\Runner.exe -c test.config.xml C:\Users\Yasunori\JavaProjects\FitNesse\dotNet\dbfit.dll;C:\Users\Yasunori\JavaProjects\FitNesse\dotNet\dbfit.mysql.dll;C:\Users\Yasunori\JavaProjects\FitNesse\dotNet\dbfit.oracle.dll;C:\Users\Yasunori\JavaProjects\FitNesse\dotNet\dbfit.PostgreSql.dll;C:\Users\Yasunori\JavaProjects\FitNesse\dotNet\dbfit.sqlserver.dll;C:\Users\Yasunori\JavaProjects\FitNesse\dotNet\dbfit.sybase.dll;C:\Users\Yasunori\JavaProjects\FitNesse\dotNet\fit.dll;C:\Users\Yasunori\JavaProjects\FitNesse\dotNet\fitSharp.dll;C:\Users\Yasunori\JavaProjects\FitNesse\dotNet\Npgsql.dll;C:\Users\Yasunori\JavaProjects\FitNesse\dotNet\Npgsql.EntityFramework.dll;C:\Users\Yasunori\JavaProjects\FitNesse\dotNet\Npgsql.EntityFrameworkLegacy.dll asus2 65027 3863</command>
    <exitCode>1</exitCode>
    <stdOut>fitSharp.Machine.Exception.TypeMissingException: Type 'runtime' not found in assemblies:
    file:///C:/Windows/Microsoft.NET/Framework64/v4.0.30319/mscorlib.dll
    file:///C:/Users/Yasunori/JavaProjects/FitNesse/dotNet/Runner.exe
    file:///C:/Users/Yasunori/JavaProjects/FitNesse/dotNet/fitSharp.DLL
    file:///C:/WINDOWS/Microsoft.Net/assembly/GAC_MSIL/System.Xml/v4.0_4.0.0.0__b77a5c561934e089/System.Xml.dll
    file:///C:/WINDOWS/Microsoft.Net/assembly/GAC_MSIL/System/v4.0_4.0.0.0__b77a5c561934e089/System.dll
    file:///C:/WINDOWS/Microsoft.Net/assembly/GAC_MSIL/System.Core/v4.0_4.0.0.0__b77a5c561934e089/System.Core.dll
    file:///C:/WINDOWS/Microsoft.Net/assembly/GAC_MSIL/System.Configuration/v4.0_4.0.0.0__b03f5f7f11d50a3a/System.Configuration.dll

   at fitSharp.Machine.Engine.ApplicationUnderTest.FindType(NameMatcher typeName)
   at fitSharp.Machine.Engine.TypeDictionary.GetItem(String typeName)
   at fitSharp.Machine.Application.SuiteConfiguration.LoadNode(String typeName, XmlNode methodNode)
   at fitSharp.Machine.Application.SuiteConfiguration.LoadXml(String configurationXml)
   at fitSharp.Machine.Application.ArgumentParser.InvokeArgumentHandler(String switch, String argumentValue)
   at fitSharp.Machine.Application.ArgumentParser.Parse(IList`1 commandLineArguments)
   at fitSharp.Machine.Application.Shell.Run(IList`1 commandLineArguments)
</stdOut>    <stdErr></stdErr>    <exception>FitClient: external process terminated before a connection could be established.</exception>
    <exception>FitClient: external process terminated before a connection could be established.</exception>
    <exception>FitClient was killed</exception>
  </executionLog>
  <finalCounts>
    <right>0</right>
    <wrong>0</wrong>
    <ignores>0</ignores>
    <exceptions>0</exceptions>
  </finalCounts>
  <totalRunTimeInMillis>1135</totalRunTimeInMillis>
</testResults>

