<?xml version="1.0"?>
<testResults>
  <FitNesseVersion>v20150226</FitNesseVersion>
  <rootPath>FrontPage.SampleTests.HelloWorld</rootPath>
    <result>
    <counts>
      <right>0</right>
      <wrong>0</wrong>
      <ignores>0</ignores>
      <exceptions>2</exceptions>
    </counts>
    <runTimeInMillis>26</runTimeInMillis>
    <content>&lt;br/&gt;&amp;lt;test page&amp;gt;&lt;br/&gt;&lt;table&gt;
	&lt;tr&gt;
		&lt;td class="error"&gt;Connect&lt;hr /&gt;&lt;pre&gt;&lt;div class="fit_stacktrace"&gt;fitSharp.Machine.Exception.TypeMissingException: Type 'Connect' not found in assemblies:
    file:///C:/Windows/Microsoft.NET/Framework64/v4.0.30319/mscorlib.dll
    file:///C:/Users/Yasunori/JavaProjects/FitNesse/dotNet/Runner.exe
    file:///C:/Users/Yasunori/JavaProjects/FitNesse/dotNet/fitSharp.DLL
    file:///C:/WINDOWS/Microsoft.Net/assembly/GAC_MSIL/System.Xml/v4.0_4.0.0.0__b77a5c561934e089/System.Xml.dll
    file:///C:/WINDOWS/Microsoft.Net/assembly/GAC_MSIL/System/v4.0_4.0.0.0__b77a5c561934e089/System.dll
    file:///C:/WINDOWS/Microsoft.Net/assembly/GAC_MSIL/System.Core/v4.0_4.0.0.0__b77a5c561934e089/System.Core.dll
    file:///C:/WINDOWS/Microsoft.Net/assembly/GAC_MSIL/System.Configuration/v4.0_4.0.0.0__b03f5f7f11d50a3a/System.Configuration.dll
    file:///C:/Users/Yasunori/JavaProjects/FitNesse/dotNet/dbfit.DLL
    file:///C:/WINDOWS/Microsoft.Net/assembly/GAC_64/System.Data/v4.0_4.0.0.0__b77a5c561934e089/System.Data.dll
    file:///C:/Users/Yasunori/JavaProjects/FitNesse/dotNet/fit.DLL
    file:///C:/Users/Yasunori/Documents/Visual Studio 2013/Projects/PPTesting/PPTesting/bin/Debug/PPTesting.dll

   at fitSharp.Machine.Engine.ReflectionMember.Invoke(Object[] parameters)
   at fitSharp.Machine.Engine.ProcessorBase`2.Operate[O](Object[] parameters)
   at fitSharp.Fit.Operators.ParseInterpreter.MakeInterpreter(Cell classCell)
   at fitSharp.Fit.Operators.ParseInterpreter.Parse(Type type, TypedValue instance, Tree`1 parameters)
   at fitSharp.Machine.Engine.ProcessorBase`2.&lt;&gt;c__DisplayClass11.&lt;&gt;c__DisplayClass13.&lt;Parse&gt;b__10(ParseOperator`1 o)
   at fitSharp.Machine.Engine.Operators`2.Do[O](CanDoOperation`1 canDoOperation, DoOperation`1 doOperation)
   at fitSharp.Machine.Engine.ProcessorBase`2.&lt;&gt;c__DisplayClass11.&lt;Parse&gt;b__e(OperationLogging logging)
   at fitSharp.Machine.Engine.ProcessorBase`2.DoLoggedOperation[R](String startMessage, Func`2 operation)
   at fitSharp.Fit.Service.CellProcessorBase.Parse(Type type, TypedValue instance, Tree`1 parameters)
   at fitSharp.Machine.Engine.ProcessorExtension.ParseTree[T](Processor`1 processor, Type type, Tree`1 parameters)
   at fitSharp.Machine.Engine.ProcessorExtension.ParseTree[T,V](Processor`1 processor, Tree`1 input)
   at fitSharp.Fit.Operators.InterpretFlow.ProcessFlowRow(Tree`1 table, Int32 rowNumber)&lt;/div&gt;&lt;/pre&gt;&lt;/td&gt;
		&lt;td&gt;Driver={PostgreSQL};Server=localhost;Port=5432;Database=projectpanel;Uid=Yasunori;Pwd=maido2134;&lt;/td&gt;
	&lt;/tr&gt;
&lt;/table&gt;
&lt;br/&gt;&lt;table&gt;
	&lt;tr&gt;
		&lt;td class="error"&gt;Query&lt;hr /&gt;&lt;pre&gt;&lt;div class="fit_stacktrace"&gt;fitSharp.Machine.Exception.TypeMissingException: Type 'Query' not found in assemblies:
    file:///C:/Windows/Microsoft.NET/Framework64/v4.0.30319/mscorlib.dll
    file:///C:/Users/Yasunori/JavaProjects/FitNesse/dotNet/Runner.exe
    file:///C:/Users/Yasunori/JavaProjects/FitNesse/dotNet/fitSharp.DLL
    file:///C:/WINDOWS/Microsoft.Net/assembly/GAC_MSIL/System.Xml/v4.0_4.0.0.0__b77a5c561934e089/System.Xml.dll
    file:///C:/WINDOWS/Microsoft.Net/assembly/GAC_MSIL/System/v4.0_4.0.0.0__b77a5c561934e089/System.dll
    file:///C:/WINDOWS/Microsoft.Net/assembly/GAC_MSIL/System.Core/v4.0_4.0.0.0__b77a5c561934e089/System.Core.dll
    file:///C:/WINDOWS/Microsoft.Net/assembly/GAC_MSIL/System.Configuration/v4.0_4.0.0.0__b03f5f7f11d50a3a/System.Configuration.dll
    file:///C:/Users/Yasunori/JavaProjects/FitNesse/dotNet/dbfit.DLL
    file:///C:/WINDOWS/Microsoft.Net/assembly/GAC_64/System.Data/v4.0_4.0.0.0__b77a5c561934e089/System.Data.dll
    file:///C:/Users/Yasunori/JavaProjects/FitNesse/dotNet/fit.DLL
    file:///C:/Users/Yasunori/Documents/Visual Studio 2013/Projects/PPTesting/PPTesting/bin/Debug/PPTesting.dll

   at fitSharp.Machine.Engine.ReflectionMember.Invoke(Object[] parameters)
   at fitSharp.Machine.Engine.ProcessorBase`2.Operate[O](Object[] parameters)
   at fitSharp.Fit.Operators.ParseInterpreter.MakeInterpreter(Cell classCell)
   at fitSharp.Fit.Operators.ParseInterpreter.Parse(Type type, TypedValue instance, Tree`1 parameters)
   at fitSharp.Machine.Engine.ProcessorBase`2.&lt;&gt;c__DisplayClass11.&lt;&gt;c__DisplayClass13.&lt;Parse&gt;b__10(ParseOperator`1 o)
   at fitSharp.Machine.Engine.Operators`2.Do[O](CanDoOperation`1 canDoOperation, DoOperation`1 doOperation)
   at fitSharp.Machine.Engine.ProcessorBase`2.&lt;&gt;c__DisplayClass11.&lt;Parse&gt;b__e(OperationLogging logging)
   at fitSharp.Machine.Engine.ProcessorBase`2.DoLoggedOperation[R](String startMessage, Func`2 operation)
   at fitSharp.Fit.Service.CellProcessorBase.Parse(Type type, TypedValue instance, Tree`1 parameters)
   at fitSharp.Machine.Engine.ProcessorExtension.ParseTree[T](Processor`1 processor, Type type, Tree`1 parameters)
   at fitSharp.Machine.Engine.ProcessorExtension.ParseTree[T,V](Processor`1 processor, Tree`1 input)
   at fitSharp.Fit.Operators.InterpretFlow.ProcessFlowRow(Tree`1 table, Int32 rowNumber)&lt;/div&gt;&lt;/pre&gt;&lt;/td&gt;
		&lt;td&gt;select 'test' as x&lt;/td&gt;
	&lt;/tr&gt;
	&lt;tr&gt;
		&lt;td colspan="2"&gt;x&lt;/td&gt;
	&lt;/tr&gt;
	&lt;tr&gt;
		&lt;td colspan="2"&gt;test&lt;/td&gt;
	&lt;/tr&gt;
&lt;/table&gt;
</content>
    <relativePageName>HelloWorld</relativePageName>
          </result>
    <executionLog>
    <testSystem>fit:C:\Users\Yasunori\JavaProjects\FitNesse\dotNet\Runner.exe</testSystem>
    <command>C:\Users\Yasunori\JavaProjects\FitNesse\dotNet\Runner.exe -c test.config.xml defaultPath asus2 52726 3863</command>
    <exitCode>2</exitCode>
    <stdOut></stdOut>    <stdErr></stdErr>  </executionLog>
  <finalCounts>
    <right>0</right>
    <wrong>0</wrong>
    <ignores>0</ignores>
    <exceptions>1</exceptions>
  </finalCounts>
  <totalRunTimeInMillis>763</totalRunTimeInMillis>
</testResults>

