<?xml version="1.0"?>
<testResults>
  <FitNesseVersion>v20150226</FitNesseVersion>
  <rootPath>FrontPage.SampleTests.HelloWorld</rootPath>
    <result>
    <counts>
      <right>0</right>
      <wrong>0</wrong>
      <ignores>0</ignores>
      <exceptions>2</exceptions>
    </counts>
    <runTimeInMillis>866</runTimeInMillis>
    <content>&lt;br/&gt;&amp;lt;test page&amp;gt;&lt;br/&gt;&lt;span class="meta"&gt;classpath: dotNet\*.dll&lt;/span&gt;&lt;br/&gt;&lt;br/&gt;&lt;table&gt;
	&lt;tr&gt;
		&lt;td&gt;&lt;span class="fit_interpreter"&gt;dbfit.MySqlTest&lt;/span&gt;&lt;/td&gt;
	&lt;/tr&gt;
&lt;/table&gt;
&lt;br/&gt;&lt;table&gt;
	&lt;tr&gt;
		&lt;td class="error"&gt;&lt;span class="fit_member"&gt;Connect&lt;/span&gt;&lt;hr /&gt;&lt;pre&gt;&lt;div class="fit_stacktrace"&gt;System.Reflection.TargetInvocationException: Exception has been thrown by the target of an invocation. ---&gt; System.TypeInitializationException: The type initializer for 'dbfit.MySqlEnvironment' threw an exception. ---&gt; System.ArgumentException: Unable to find the requested .Net Framework Data Provider.  It may not be installed.
   at System.Data.Common.DbProviderFactories.GetFactory(String providerInvariantName)
   at dbfit.MySqlEnvironment..cctor()
   --- End of inner exception stack trace ---
   at dbfit.MySqlEnvironment.get_DbProviderFactory()
   at dbfit.AbstractDbEnvironment.Connect(String connectionString)
   --- End of inner exception stack trace ---
   at fitSharp.Machine.Model.TypedValue.ThrowExceptionIfNotValid()
   at fitSharp.Fit.Operators.InterpretFlow.ProcessFlowRow(Tree`1 table, Int32 rowNumber)&lt;/div&gt;&lt;/pre&gt;&lt;/td&gt;
		&lt;td&gt;Driver={PostgreSQL};Server=localhost;Port=5432;Database=projectpanel;Uid=Yasunori;Pwd=maido2134;&lt;/td&gt;
	&lt;/tr&gt;
&lt;/table&gt;
&lt;br/&gt;&lt;table&gt;
	&lt;tr&gt;
		&lt;td class="error"&gt;&lt;span class="fit_member"&gt;Query&lt;/span&gt;&lt;hr /&gt;&lt;pre&gt;&lt;div class="fit_stacktrace"&gt;System.Reflection.TargetInvocationException: Exception has been thrown by the target of an invocation. ---&gt; System.ApplicationException: Not connected to database
   at dbfit.AbstractDbEnvironment.CreateCommand(String statement, CommandType commandType)
   at dbfit.DatabaseTest.GetDataTable(Symbols symbols, String query, IDbEnvironment environment, Int32 rsNo)
   at dbfit.DatabaseTest.Query(String query)
   --- End of inner exception stack trace ---
   at fitSharp.Machine.Model.TypedValue.ThrowExceptionIfNotValid()
   at fitSharp.Fit.Operators.InterpretFlow.ProcessFlowRow(Tree`1 table, Int32 rowNumber)&lt;/div&gt;&lt;/pre&gt;&lt;/td&gt;
		&lt;td&gt;select 'test' as x&lt;/td&gt;
	&lt;/tr&gt;
	&lt;tr&gt;
		&lt;td colspan="2"&gt;x&lt;/td&gt;
	&lt;/tr&gt;
	&lt;tr&gt;
		&lt;td colspan="2"&gt;test&lt;/td&gt;
	&lt;/tr&gt;
&lt;/table&gt;
</content>
    <relativePageName>HelloWorld</relativePageName>
          </result>
    <executionLog>
    <testSystem>fit:C:\Users\Yasunori\JavaProjects\FitNesse\dotNet\Runner.exe</testSystem>
    <command>C:\Users\Yasunori\JavaProjects\FitNesse\dotNet\Runner.exe -c test.config.xml C:\Users\Yasunori\JavaProjects\FitNesse\dotNet\dbfit.dll;C:\Users\Yasunori\JavaProjects\FitNesse\dotNet\dbfit.mysql.dll;C:\Users\Yasunori\JavaProjects\FitNesse\dotNet\dbfit.oracle.dll;C:\Users\Yasunori\JavaProjects\FitNesse\dotNet\dbfit.sqlserver.dll;C:\Users\Yasunori\JavaProjects\FitNesse\dotNet\dbfit.sybase.dll;C:\Users\Yasunori\JavaProjects\FitNesse\dotNet\fit.dll;C:\Users\Yasunori\JavaProjects\FitNesse\dotNet\fitSharp.dll asus2 53269 3863</command>
    <exitCode>2</exitCode>
    <stdOut></stdOut>    <stdErr></stdErr>  </executionLog>
  <finalCounts>
    <right>0</right>
    <wrong>0</wrong>
    <ignores>0</ignores>
    <exceptions>1</exceptions>
  </finalCounts>
  <totalRunTimeInMillis>1609</totalRunTimeInMillis>
</testResults>

